index,dataset,Topic,Image number
1,dataset_real,documents,documents_0004.jpg
2,dataset_real,documents,documents_0011.png
3,dataset_real,documents,documents_0017.jpg
4,dataset_real,documents,documents_0021.jpg
5,dataset_real,documents,documents_0022.jpg
6,dataset_real,documents,documents_0023.jpg
7,dataset_real,documents,documents_0026.jpg
8,dataset_real,documents,documents_0027.jpg
9,dataset_real,documents,documents_0032.jpg
10,dataset_real,documents,documents_0036.jpg
11,dataset_real,documents,documents_0052.jpg
12,dataset_real,documents,documents_0054.jpg
13,dataset_real,documents,documents_0055.jpg
14,dataset_real,documents,documents_0204.jpg
15,dataset_real,documents,documents_0219.png
16,dataset_real,documents,documents_0220.jpg
17,dataset_real,documents,documents_0221.jpg
18,dataset_real,documents,documents_0227.jpg
19,dataset_real,documents,documents_0235.jpg
20,dataset_real,documents,documents_0236.jpg
21,dataset_real,documents,documents_0237.jpg
22,dataset_real,documents,documents_0238.jpg
23,dataset_real,documents,documents_0239.jpg
24,dataset_real,documents,documents_0240.jpg
25,dataset_real,documents,documents_0241.jpg
26,dataset_real,documents,documents_0242.jpg
27,dataset_real,documents,documents_0243.jpg
28,dataset_real,documents,documents_0244.jpg
29,dataset_real,documents,documents_0245.jpg
30,dataset_real,documents,documents_0246.jpg
31,dataset_real,documents,documents_0250.jpg
32,dataset_real,documents,documents_0251.png
33,dataset_real,documents,documents_0252.jpg
34,dataset_real,documents,documents_0253.jpg
35,dataset_real,documents,documents_0254.jpg
36,dataset_real,documents,documents_0255.jpg
37,dataset_real,documents,documents_0257.jpg
38,dataset_real,documents,documents_0262.jpg
39,dataset_real,documents,documents_0267.jpg
40,dataset_real,documents,documents_0268.jpg
41,dataset_real,documents,documents_0269.jpg
42,dataset_real,documents,documents_0270.jpg
43,dataset_real,documents,documents_0271.jpg
44,dataset_real,documents,documents_0272.jpg
45,dataset_real,documents,documents_0273.jpg
46,dataset_real,documents,documents_0274.jpg
47,dataset_real,documents,documents_0275.jpg
48,dataset_real,documents,documents_0276.jpg
49,dataset_real,documents,documents_0277.jpg
50,dataset_real,documents,documents_0282.jpg
51,dataset_real,documents,documents_0283.jpg
52,dataset_real,documents,documents_0284.jpg
53,dataset_real,documents,documents_0285.jpg
54,dataset_real,documents,documents_0286.jpg
55,dataset_real,documents,documents_0287.jpg
56,dataset_real,documents,documents_0291.jpg
57,dataset_real,documents,documents_0292.jpg
58,dataset_real,documents,documents_0295.jpg
59,dataset_real,documents,documents_0296.jpg
60,dataset_real,documents,documents_0297.jpg
61,dataset_real,documents,documents_0298.jpg
62,dataset_real,documents,documents_0299.jpg
63,dataset_real,documents,documents_0300.jpg
64,dataset_real,documents,documents_0301.jpg
65,dataset_real,documents,documents_0302.jpg
66,dataset_real,documents,documents_0303.jpg
67,dataset_real,documents,documents_0305.jpg
68,dataset_real,documents,documents_0306.png
69,dataset_real,documents,documents_0307.jpg
70,dataset_real,documents,documents_0308.jpg
71,dataset_real,documents,documents_0309.jpg
72,dataset_real,documents,documents_0310.jpg
73,dataset_real,documents,documents_0324.jpg
74,dataset_real,documents,documents_0325.jpg
75,dataset_real,documents,documents_0326.jpg
76,dataset_real,documents,documents_0327.jpg
77,dataset_real,documents,documents_0328.jpg
78,dataset_real,documents,documents_0329.jpg
79,dataset_real,documents,documents_0330.jpg
80,dataset_real,documents,documents_0331.jpg
81,dataset_real,documents,documents_0333.jpg
82,dataset_real,documents,documents_0334.jpg
83,dataset_real,documents,documents_0335.jpg
84,dataset_real,documents,documents_0336.jpg
85,dataset_real,documents,documents_0347.jpg
86,dataset_real,documents,documents_0348.jpg
87,dataset_real,documents,documents_0349.jpg
88,dataset_real,documents,documents_0350.jpg
89,dataset_real,documents,documents_0351.jpg
90,dataset_real,documents,documents_0352.jpg
91,dataset_real,documents,documents_0355.jpg
92,dataset_real,documents,documents_0356.jpg
93,dataset_real,documents,documents_0357.jpg
94,dataset_real,documents,documents_0361.jpg
95,dataset_real,documents,documents_0362.jpg
96,dataset_real,documents,documents_0364.jpg
97,dataset_real,documents,documents_0365.jpg
98,dataset_real,documents,documents_0366.jpg
99,dataset_real,documents,documents_0367.jpg
100,dataset_real,documents,documents_0368.jpg
101,dataset_real,documents,documents_0369.png
102,dataset_real,documents,documents_0371.jpg
103,dataset_real,documents,documents_0372.jpg
104,dataset_real,documents,documents_0373.jpg
105,dataset_real,documents,documents_0374.jpg
106,dataset_real,documents,documents_0375.jpg
107,dataset_real,documents,documents_0378.jpg
108,dataset_real,documents,documents_0380.jpg
109,dataset_real,documents,documents_0381.jpg
110,dataset_real,documents,documents_0382.jpg
111,dataset_real,documents,documents_0383.png
112,dataset_real,documents,documents_0392.jpg
113,dataset_real,documents,documents_0394.jpg
114,dataset_real,documents,documents_0395.jpg
115,dataset_real,documents,documents_0398.jpg
116,dataset_real,documents,documents_0399.jpg
117,dataset_real,documents,documents_0401.jpg
118,dataset_real,documents,documents_0404.jpg
119,dataset_real,documents,documents_0405.jpg
120,dataset_real,documents,documents_0406.jpg
121,dataset_real,documents,documents_0408.jpg
122,dataset_real,documents,documents_0411.jpg
123,dataset_real,documents,documents_0412.jpg
124,dataset_real,documents,documents_0415.jpg
125,dataset_real,documents,documents_0421.jpg
126,dataset_real,documents,documents_0422.jpg
127,dataset_real,documents,documents_0423.jpg
128,dataset_real,documents,documents_0424.jpg
129,dataset_real,fake_news,fake_news_0000.jpg
130,dataset_real,fake_news,fake_news_0004.png
131,dataset_real,fake_news,fake_news_0005.jpg
132,dataset_real,fake_news,fake_news_0006.jpg
133,dataset_real,fake_news,fake_news_0007.jpg
134,dataset_real,fake_news,fake_news_0008.png
135,dataset_real,fake_news,fake_news_0009.png
136,dataset_real,fake_news,fake_news_0010.jpg
137,dataset_real,fake_news,fake_news_0011.jpg
138,dataset_real,fake_news,fake_news_0012.jpg
139,dataset_real,fake_news,fake_news_0013.jpg
140,dataset_real,fake_news,fake_news_0014.jpg
141,dataset_real,fake_news,fake_news_0015.jpg
142,dataset_real,fake_news,fake_news_0016.jpg
143,dataset_real,fake_news,fake_news_0017.jpg
144,dataset_real,fake_news,fake_news_0018.jpg
145,dataset_real,fake_news,fake_news_0019.png
146,dataset_real,fake_news,fake_news_0020.jpg
147,dataset_real,fake_news,fake_news_0021.jpg
148,dataset_real,fake_news,fake_news_0022.jpg
149,dataset_real,fake_news,fake_news_0023.png
150,dataset_real,fake_news,fake_news_0024.jpg
151,dataset_real,fake_news,fake_news_0040.jpg
152,dataset_real,fake_news,fake_news_0059.jpg
153,dataset_real,fake_news,fake_news_0060.jpg
154,dataset_real,fake_news,fake_news_0061.jpg
155,dataset_real,fake_news,fake_news_0062.jpg
156,dataset_real,fake_news,fake_news_0063.jpg
157,dataset_real,fake_news,fake_news_0064.jpg
158,dataset_real,fake_news,fake_news_0065.jpg
159,dataset_real,fake_news,fake_news_0066.jpg
160,dataset_real,fake_news,fake_news_0067.jpg
161,dataset_real,fake_news,fake_news_0068.png
162,dataset_real,fake_news,fake_news_0069.jpg
163,dataset_real,fake_news,fake_news_0070.png
164,dataset_real,fake_news,fake_news_0071.jpg
165,dataset_real,fake_news,fake_news_0072.jpg
166,dataset_real,fake_news,fake_news_0073.jpg
167,dataset_real,fake_news,fake_news_0074.jpg
168,dataset_real,fake_news,fake_news_0075.jpg
169,dataset_real,fake_news,fake_news_0076.jpg
170,dataset_real,fake_news,fake_news_0077.jpg
171,dataset_real,fake_news,fake_news_0078.jpg
172,dataset_real,fake_news,fake_news_0079.jpg
173,dataset_real,fake_news,fake_news_0081.jpg
174,dataset_real,fake_news,fake_news_0082.jpg
175,dataset_real,fake_news,fake_news_0083.jpg
176,dataset_real,fake_news,fake_news_0084.jpg
177,dataset_real,fake_news,fake_news_0085.jpg
178,dataset_real,fake_news,fake_news_0086.jpg
179,dataset_real,fake_news,fake_news_0087.jpg
180,dataset_real,fake_news,fake_news_0088.png
181,dataset_real,fake_news,fake_news_0089.jpg
182,dataset_real,fake_news,fake_news_0090.jpg
183,dataset_real,fake_news,fake_news_0097.jpg
184,dataset_real,fake_news,fake_news_0098.jpg
185,dataset_real,fake_news,fake_news_0099.jpg
186,dataset_real,fake_news,fake_news_0115.jpg
187,dataset_real,fake_news,fake_news_0116.jpg
188,dataset_real,fake_news,fake_news_0118.jpg
189,dataset_real,fake_news,fake_news_0121.jpg
190,dataset_real,fake_news,fake_news_0123.jpg
191,dataset_real,fake_news,fake_news_0125.jpg
192,dataset_real,fake_news,fake_news_0126.jpg
193,dataset_real,fake_news,fake_news_0127.jpg
194,dataset_real,fake_news,fake_news_0129.jpg
195,dataset_real,fake_news,fake_news_0131.jpg
196,dataset_real,fake_news,fake_news_0134.jpg
197,dataset_real,fake_news,fake_news_0135.jpg
198,dataset_real,fake_news,fake_news_0136.jpg
199,dataset_real,fake_news,fake_news_0137.jpg
200,dataset_real,fake_news,fake_news_0138.jpg
201,dataset_real,fake_news,fake_news_0139.jpg
202,dataset_real,fake_news,fake_news_0140.jpg
203,dataset_real,fake_news,fake_news_0141.jpg
204,dataset_real,fake_news,fake_news_0142.jpg
205,dataset_real,fake_news,fake_news_0143.jpg
206,dataset_real,fake_news,fake_news_0144.jpg
207,dataset_real,fake_news,fake_news_0145.png
208,dataset_real,fake_news,fake_news_0146.jpg
209,dataset_real,fake_news,fake_news_0147.jpg
210,dataset_real,fake_news,fake_news_0148.jpg
211,dataset_real,fake_news,fake_news_0150.png
212,dataset_real,fake_news,fake_news_0151.jpg
213,dataset_real,fake_news,fake_news_0152.png
214,dataset_real,fake_news,fake_news_0153.jpg
215,dataset_real,fake_news,fake_news_0154.png
216,dataset_real,fake_news,fake_news_0155.jpg
217,dataset_real,fake_news,fake_news_0156.jpg
218,dataset_real,fake_news,fake_news_0157.jpg
219,dataset_real,fake_news,fake_news_0159.jpg
220,dataset_real,fake_news,fake_news_0161.jpg
221,dataset_real,fake_news,fake_news_0162.jpg
222,dataset_real,fake_news,fake_news_0163.jpg
223,dataset_real,fake_news,fake_news_0164.jpg
224,dataset_real,fake_news,fake_news_0165.jpg
225,dataset_real,fake_news,fake_news_0166.jpg
226,dataset_real,fake_news,fake_news_0167.jpg
227,dataset_real,fake_news,fake_news_0168.jpg
228,dataset_real,fake_news,fake_news_0171.jpg
229,dataset_real,fake_news,fake_news_0172.jpg
230,dataset_real,fake_news,fake_news_0174.jpg
231,dataset_real,fake_news,fake_news_0175.jpg
232,dataset_real,fake_news,fake_news_0176.png
233,dataset_real,fake_news,fake_news_0177.jpg
234,dataset_real,fake_news,fake_news_0178.jpg
235,dataset_real,fake_news,fake_news_0179.png
236,dataset_real,fake_news,fake_news_0180.png
237,dataset_real,fake_news,fake_news_0181.png
238,dataset_real,fake_news,fake_news_0190.jpg
239,dataset_real,fake_news,fake_news_0200.jpg
240,dataset_real,fake_news,fake_news_0254.jpg
241,dataset_real,fake_news,fake_news_0255.jpg
242,dataset_real,fake_news,fake_news_0256.jpg
243,dataset_real,fake_news,fake_news_0257.jpg
244,dataset_real,fake_news,fake_news_0258.png
245,dataset_real,fake_news,fake_news_0259.jpg
246,dataset_real,fake_news,fake_news_0260.jpg
247,dataset_real,fake_news,fake_news_0261.jpg
248,dataset_real,fake_news,fake_news_0262.jpg
249,dataset_real,fake_news,fake_news_0263.jpg
250,dataset_real,fake_news,fake_news_0264.jpg
251,dataset_real,fake_news,fake_news_0265.jpg
252,dataset_real,fake_news,fake_news_0299.jpg
253,dataset_real,fake_news,fake_news_0300.jpg
254,dataset_real,fake_news,fake_news_0301.jpg
255,dataset_real,fake_news,fake_news_0302.jpg
256,dataset_real,fake_news,fake_news_0355.jpg
257,dataset_real,fake_news,fake_news_0390.jpg
258,dataset_real,fake_news,fake_news_0402.png
259,dataset_real,fake_news,fake_news_0403.jpg
260,dataset_real,fake_news,fake_news_0417.jpg
261,dataset_real,fake_news,fake_news_0434.jpg
262,dataset_real,flood,flood_0000.jpg
263,dataset_real,flood,flood_0001.jpg
264,dataset_real,flood,flood_0002.jpg
265,dataset_real,flood,flood_0003.jpg
266,dataset_real,flood,flood_0004.jpg
267,dataset_real,flood,flood_0006.jpg
268,dataset_real,flood,flood_0007.jpg
269,dataset_real,flood,flood_0008.jpg
270,dataset_real,flood,flood_0009.jpg
271,dataset_real,flood,flood_0010.jpg
272,dataset_real,flood,flood_0011.jpg
273,dataset_real,flood,flood_0012.jpg
274,dataset_real,flood,flood_0013.jpg
275,dataset_real,flood,flood_0014.jpg
276,dataset_real,flood,flood_0015.jpg
277,dataset_real,flood,flood_0016.jpg
278,dataset_real,flood,flood_0017.png
279,dataset_real,flood,flood_0018.jpg
280,dataset_real,flood,flood_0019.jpg
281,dataset_real,flood,flood_0020.png
282,dataset_real,flood,flood_0021.jpg
283,dataset_real,flood,flood_0022.jpg
284,dataset_real,flood,flood_0023.jpg
285,dataset_real,flood,flood_0024.jpg
286,dataset_real,flood,flood_0025.jpg
287,dataset_real,flood,flood_0026.jpg
288,dataset_real,flood,flood_0027.jpg
289,dataset_real,flood,flood_0028.jpg
290,dataset_real,flood,flood_0029.jpg
291,dataset_real,flood,flood_0030.jpg
292,dataset_real,flood,flood_0031.jpg
293,dataset_real,flood,flood_0032.jpg
294,dataset_real,flood,flood_0034.jpg
295,dataset_real,flood,flood_0035.jpg
296,dataset_real,flood,flood_0036.jpg
297,dataset_real,flood,flood_0037.jpg
298,dataset_real,flood,flood_0038.jpg
299,dataset_real,flood,flood_0039.jpg
300,dataset_real,flood,flood_0040.jpg
301,dataset_real,flood,flood_0041.jpg
302,dataset_real,flood,flood_0042.jpg
303,dataset_real,flood,flood_0043.jpg
304,dataset_real,flood,flood_0044.jpg
305,dataset_real,flood,flood_0045.jpg
306,dataset_real,flood,flood_0046.jpg
307,dataset_real,flood,flood_0047.jpg
308,dataset_real,flood,flood_0048.jpg
309,dataset_real,flood,flood_0050.jpg
310,dataset_real,flood,flood_0051.jpg
311,dataset_real,flood,flood_0052.jpg
312,dataset_real,flood,flood_0053.jpg
313,dataset_real,flood,flood_0054.jpg
314,dataset_real,flood,flood_0055.jpg
315,dataset_real,flood,flood_0056.jpg
316,dataset_real,flood,flood_0057.jpg
317,dataset_real,flood,flood_0058.jpg
318,dataset_real,flood,flood_0059.jpg
319,dataset_real,flood,flood_0060.jpg
320,dataset_real,flood,flood_0061.jpg
321,dataset_real,flood,flood_0062.jpg
322,dataset_real,flood,flood_0063.jpg
323,dataset_real,flood,flood_0064.jpg
324,dataset_real,flood,flood_0065.jpg
325,dataset_real,flood,flood_0066.jpg
326,dataset_real,flood,flood_0067.jpg
327,dataset_real,flood,flood_0068.jpg
328,dataset_real,flood,flood_0069.jpg
329,dataset_real,flood,flood_0070.jpg
330,dataset_real,flood,flood_0071.jpg
331,dataset_real,flood,flood_0072.jpg
332,dataset_real,flood,flood_0073.jpg
333,dataset_real,flood,flood_0074.jpg
334,dataset_real,flood,flood_0075.jpg
335,dataset_real,flood,flood_0076.jpg
336,dataset_real,flood,flood_0077.jpg
337,dataset_real,flood,flood_0078.jpg
338,dataset_real,flood,flood_0079.jpg
339,dataset_real,flood,flood_0080.jpg
340,dataset_real,flood,flood_0081.jpg
341,dataset_real,flood,flood_0082.jpg
342,dataset_real,flood,flood_0083.jpg
343,dataset_real,flood,flood_0084.jpg
344,dataset_real,flood,flood_0085.jpg
345,dataset_real,flood,flood_0086.jpg
346,dataset_real,flood,flood_0087.jpg
347,dataset_real,flood,flood_0088.jpg
348,dataset_real,flood,flood_0089.jpg
349,dataset_real,flood,flood_0090.jpg
350,dataset_real,flood,flood_0091.jpg
351,dataset_real,flood,flood_0092.jpg
352,dataset_real,flood,flood_0093.jpg
353,dataset_real,flood,flood_0094.jpg
354,dataset_real,flood,flood_0095.jpg
355,dataset_real,flood,flood_0096.jpg
356,dataset_real,flood,flood_0097.jpg
357,dataset_real,flood,flood_0098.jpg
358,dataset_real,flood,flood_0099.jpg
359,dataset_real,flood,flood_0100.jpg
360,dataset_real,flood,flood_0101.jpg
361,dataset_real,flood,flood_0102.jpg
362,dataset_real,flood,flood_0103.jpg
363,dataset_real,flood,flood_0104.jpg
364,dataset_real,flood,flood_0105.jpg
365,dataset_real,flood,flood_0106.jpg
366,dataset_real,flood,flood_0107.jpg
367,dataset_real,flood,flood_0108.jpg
368,dataset_real,flood,flood_0109.jpg
369,dataset_real,flood,flood_0110.jpg
370,dataset_real,flood,flood_0111.jpg
371,dataset_real,flood,flood_0112.jpg
372,dataset_real,flood,flood_0113.jpg
373,dataset_real,flood,flood_0114.jpg
374,dataset_real,flood,flood_0117.jpg
375,dataset_real,flood,flood_0118.jpg
376,dataset_real,flood,flood_0119.jpg
377,dataset_real,flood,flood_0120.jpg
378,dataset_real,flood,flood_0121.jpg
379,dataset_real,flood,flood_0122.jpg
380,dataset_real,flood,flood_0123.jpg
381,dataset_real,flood,flood_0124.jpg
382,dataset_real,flood,flood_0125.jpg
383,dataset_real,flood,flood_0126.jpg
384,dataset_real,flood,flood_0127.jpg
385,dataset_real,flood,flood_0128.jpg
386,dataset_real,flood,flood_0130.jpg
387,dataset_real,flood,flood_0131.jpg
388,dataset_real,flood,flood_0132.jpg
389,dataset_real,flood,flood_0133.jpg
390,dataset_real,flood,flood_0134.jpg
391,dataset_real,flood,flood_0135.jpg
392,dataset_real,flood,flood_0136.jpg
393,dataset_real,flood,flood_0137.jpg
394,dataset_real,flood,flood_0138.jpg
395,dataset_real,flood,flood_0139.jpg
396,dataset_real,flood,flood_0140.jpg
397,dataset_real,flood,flood_0141.jpg
398,dataset_real,flood,flood_0142.jpg
399,dataset_real,flood,flood_0143.jpg
400,dataset_real,flood,flood_0144.jpg
401,dataset_real,flood,flood_0145.jpg
402,dataset_real,flood,flood_0146.jpg
403,dataset_real,flood,flood_0147.jpg
404,dataset_real,flood,flood_0148.jpg
405,dataset_real,flood,flood_0149.jpg
406,dataset_real,flood,flood_0150.jpg
407,dataset_real,flood,flood_0151.jpg
408,dataset_real,flood,flood_0152.jpg
409,dataset_real,flood,flood_0153.jpg
410,dataset_real,flood,flood_0154.jpg
411,dataset_real,flood,flood_0155.jpg
412,dataset_real,flood,flood_0156.jpg
413,dataset_real,flood,flood_0157.jpg
414,dataset_real,flood,flood_0158.jpg
415,dataset_real,flood,flood_0160.jpg
416,dataset_real,flood,flood_0162.png
417,dataset_real,flood,flood_0163.jpg
418,dataset_real,flood,flood_0164.jpg
419,dataset_real,flood,flood_0165.jpg
420,dataset_real,flood,flood_0166.jpg
421,dataset_real,flood,flood_0167.jpg
422,dataset_real,flood,flood_0168.jpg
423,dataset_real,flood,flood_0169.jpg
424,dataset_real,flood,flood_0170.jpg
425,dataset_real,flood,flood_0171.jpg
426,dataset_real,flood,flood_0172.jpg
427,dataset_real,flood,flood_0173.jpg
428,dataset_real,flood,flood_0174.jpg
429,dataset_real,flood,flood_0175.jpg
430,dataset_real,flood,flood_0176.jpg
431,dataset_real,flood,flood_0177.jpg
432,dataset_real,flood,flood_0178.jpg
433,dataset_real,flood,flood_0179.jpg
434,dataset_real,flood,flood_0180.jpg
435,dataset_real,flood,flood_0181.jpg
436,dataset_real,flood,flood_0182.jpg
437,dataset_real,flood,flood_0183.jpg
438,dataset_real,flood,flood_0184.jpg
439,dataset_real,flood,flood_0185.jpg
440,dataset_real,flood,flood_0186.jpg
441,dataset_real,flood,flood_0187.jpg
442,dataset_real,flood,flood_0188.jpg
443,dataset_real,flood,flood_0189.jpg
444,dataset_real,flood,flood_0190.jpg
445,dataset_real,flood,flood_0191.jpg
446,dataset_real,flood,flood_0192.jpg
447,dataset_real,flood,flood_0193.jpg
448,dataset_real,flood,flood_0197.jpg
449,dataset_real,flood,flood_0198.jpg
450,dataset_real,flood,flood_0199.jpg
451,dataset_real,flood,flood_0202.jpg
452,dataset_real,flood,flood_0203.jpg
453,dataset_real,flood,flood_0204.jpg
454,dataset_real,flood,flood_0205.jpg
455,dataset_real,flood,flood_0206.jpg
456,dataset_real,flood,flood_0207.jpg
457,dataset_real,flood,flood_0208.jpg
458,dataset_real,flood,flood_0209.jpg
459,dataset_real,flood,flood_0210.jpg
460,dataset_real,flood,flood_0211.jpg
461,dataset_real,flood,flood_0212.jpg
462,dataset_real,flood,flood_0213.jpg
463,dataset_real,flood,flood_0214.jpg
464,dataset_real,flood,flood_0215.jpg
465,dataset_real,flood,flood_0216.jpg
466,dataset_real,flood,flood_0217.jpg
467,dataset_real,flood,flood_0218.jpg
468,dataset_real,flood,flood_0219.jpg
469,dataset_real,flood,flood_0220.jpg
470,dataset_real,flood,flood_0221.jpg
471,dataset_real,flood,flood_0222.jpg
472,dataset_real,flood,flood_0223.jpg
473,dataset_real,flood,flood_0224.jpg
474,dataset_real,flood,flood_0225.jpg
475,dataset_real,flood,flood_0226.jpg
476,dataset_real,flood,flood_0227.jpg
477,dataset_real,flood,flood_0232.jpg
478,dataset_real,flood,flood_0233.jpg
479,dataset_real,flood,flood_0234.jpg
480,dataset_real,flood,flood_0235.jpg
481,dataset_real,flood,flood_0236.jpg
482,dataset_real,flood,flood_0237.jpg
483,dataset_real,flood,flood_0238.jpg
484,dataset_real,flood,flood_0239.jpg
485,dataset_real,flood,flood_0240.jpg
486,dataset_real,flood,flood_0241.jpg
487,dataset_real,flood,flood_0242.jpg
488,dataset_real,flood,flood_0243.jpg
489,dataset_real,flood,flood_0244.jpg
490,dataset_real,flood,flood_0245.jpg
491,dataset_real,flood,flood_0246.jpg
492,dataset_real,flood,flood_0247.jpg
493,dataset_real,flood,flood_0248.jpg
494,dataset_real,flood,flood_0249.jpg
495,dataset_real,flood,flood_0250.jpg
496,dataset_real,flood,flood_0251.jpg
497,dataset_real,flood,flood_0252.jpg
498,dataset_real,flood,flood_0253.jpg
499,dataset_real,flood,flood_0254.jpg
500,dataset_real,flood,flood_0255.jpg
501,dataset_real,flood,flood_0256.jpg
502,dataset_real,flood,flood_0257.jpg
503,dataset_real,flood,flood_0258.jpg
504,dataset_real,flood,flood_0259.jpg
505,dataset_real,flood,flood_0260.jpg
506,dataset_real,flood,flood_0261.jpg
507,dataset_real,flood,flood_0262.jpg
508,dataset_real,flood,flood_0263.jpg
509,dataset_real,flood,flood_0264.jpg
510,dataset_real,flood,flood_0265.jpg
511,dataset_real,flood,flood_0266.jpg
512,dataset_real,flood,flood_0267.jpg
513,dataset_real,flood,flood_0268.jpg
514,dataset_real,flood,flood_0269.jpg
515,dataset_real,flood,flood_0270.jpg
516,dataset_real,flood,flood_0271.jpg
517,dataset_real,flood,flood_0272.jpg
518,dataset_real,flood,flood_0273.jpg
519,dataset_real,flood,flood_0274.jpg
520,dataset_real,flood,flood_0275.jpg
521,dataset_real,flood,flood_0276.jpg
522,dataset_real,flood,flood_0277.jpg
523,dataset_real,flood,flood_0278.jpg
524,dataset_real,flood,flood_0279.jpg
525,dataset_real,flood,flood_0280.jpg
526,dataset_real,flood,flood_0281.jpg
527,dataset_real,flood,flood_0282.jpg
528,dataset_real,flood,flood_0283.jpg
529,dataset_real,flood,flood_0284.jpg
530,dataset_real,flood,flood_0285.jpg
531,dataset_real,flood,flood_0286.jpg
532,dataset_real,flood,flood_0287.jpg
533,dataset_real,flood,flood_0288.jpg
534,dataset_real,flood,flood_0289.jpg
535,dataset_real,flood,flood_0290.jpg
536,dataset_real,flood,flood_0291.jpg
537,dataset_real,flood,flood_0292.jpg
538,dataset_real,flood,flood_0293.jpg
539,dataset_real,flood,flood_0294.jpg
540,dataset_real,flood,flood_0295.jpg
541,dataset_real,flood,flood_0296.jpg
542,dataset_real,flood,flood_0297.jpg
543,dataset_real,flood,flood_0298.jpg
544,dataset_real,flood,flood_0299.jpg
545,dataset_real,flood,flood_0300.jpg
546,dataset_real,flood,flood_0301.jpg
547,dataset_real,flood,flood_0302.jpg
548,dataset_real,flood,flood_0303.jpg
549,dataset_real,flood,flood_0304.jpg
550,dataset_real,flood,flood_0305.jpg
551,dataset_real,flood,flood_0306.jpg
552,dataset_real,flood,flood_0307.jpg
553,dataset_real,flood,flood_0308.jpg
554,dataset_real,flood,flood_0309.jpg
555,dataset_real,flood,flood_0310.jpg
556,dataset_real,flood,flood_0311.jpg
557,dataset_real,flood,flood_0312.jpg
558,dataset_real,flood,flood_0313.jpg
559,dataset_real,flood,flood_0314.jpg
560,dataset_real,flood,flood_0315.jpg
561,dataset_real,flood,flood_0316.jpg
562,dataset_real,flood,flood_0317.jpg
563,dataset_real,flood,flood_0318.jpg
564,dataset_real,flood,flood_0319.jpg
565,dataset_real,flood,flood_0320.jpg
566,dataset_real,flood,flood_0321.jpg
567,dataset_real,flood,flood_0322.jpg
568,dataset_real,flood,flood_0323.jpg
569,dataset_real,flood,flood_0326.jpg
570,dataset_real,flood,flood_0327.jpg
571,dataset_real,flood,flood_0328.jpg
572,dataset_real,flood,flood_0329.jpg
573,dataset_real,flood,flood_0330.jpg
574,dataset_real,flood,flood_0331.jpg
575,dataset_real,flood,flood_0332.jpg
576,dataset_real,flood,flood_0333.jpg
577,dataset_real,flood,flood_0334.jpg
578,dataset_real,flood,flood_0335.jpg
579,dataset_real,flood,flood_0336.jpg
580,dataset_real,flood,flood_0337.jpg
581,dataset_real,flood,flood_0338.jpg
582,dataset_real,flood,flood_0339.jpg
583,dataset_real,flood,flood_0340.jpg
584,dataset_real,flood,flood_0341.jpg
585,dataset_real,flood,flood_0342.jpg
586,dataset_real,flood,flood_0343.jpg
587,dataset_real,flood,flood_0344.jpg
588,dataset_real,flood,flood_0345.jpg
589,dataset_real,flood,flood_0346.jpg
590,dataset_real,flood,flood_0347.jpg
591,dataset_real,flood,flood_0348.jpg
592,dataset_real,flood,flood_0349.jpg
593,dataset_real,flood,flood_0350.jpg
594,dataset_real,flood,flood_0351.jpg
595,dataset_real,flood,flood_0352.jpg
596,dataset_real,flood,flood_0353.jpg
597,dataset_real,flood,flood_0354.jpg
598,dataset_real,flood,flood_0355.jpg
599,dataset_real,flood,flood_0356.jpg
600,dataset_real,flood,flood_0357.jpg
601,dataset_real,flood,flood_0358.jpg
602,dataset_real,flood,flood_0359.jpg
603,dataset_real,flood,flood_0360.jpg
604,dataset_real,flood,flood_0361.jpg
605,dataset_real,flood,flood_0362.jpg
606,dataset_real,flood,flood_0363.jpg
607,dataset_real,flood,flood_0364.jpg
608,dataset_real,flood,flood_0365.jpg
609,dataset_real,flood,flood_0366.jpg
610,dataset_real,flood,flood_0367.jpg
611,dataset_real,flood,flood_0368.jpg
612,dataset_real,flood,flood_0370.jpg
613,dataset_real,flood,flood_0371.jpg
614,dataset_real,flood,flood_0372.jpg
615,dataset_real,flood,flood_0373.jpg
616,dataset_real,flood,flood_0374.jpg
617,dataset_real,flood,flood_0375.jpg
618,dataset_real,flood,flood_0376.jpg
619,dataset_real,flood,flood_0377.jpg
620,dataset_real,flood,flood_0378.jpg
621,dataset_real,flood,flood_0379.jpg
622,dataset_real,flood,flood_0380.jpg
623,dataset_real,flood,flood_0381.jpg
624,dataset_real,flood,flood_0382.jpg
625,dataset_real,flood,flood_0383.jpg
626,dataset_real,flood,flood_0384.jpg
627,dataset_real,flood,flood_0385.jpg
628,dataset_real,flood,flood_0386.jpg
629,dataset_real,flood,flood_0387.jpg
630,dataset_real,flood,flood_0388.jpg
631,dataset_real,flood,flood_0389.jpg
632,dataset_real,flood,flood_0390.jpg
633,dataset_real,flood,flood_0391.jpg
634,dataset_real,flood,flood_0392.jpg
635,dataset_real,flood,flood_0393.jpg
636,dataset_real,flood,flood_0394.jpg
637,dataset_real,flood,flood_0395.jpg
638,dataset_real,flood,flood_0396.jpg
639,dataset_real,flood,flood_0397.jpg
640,dataset_real,flood,flood_0398.jpg
641,dataset_real,flood,flood_0399.jpg
642,dataset_real,flood,flood_0400.jpg
643,dataset_real,flood,flood_0401.jpg
644,dataset_real,flood,flood_0402.jpg
645,dataset_real,flood,flood_0403.jpg
646,dataset_real,flood,flood_0404.jpg
647,dataset_real,flood,flood_0405.jpg
648,dataset_real,flood,flood_0406.jpg
649,dataset_real,flood,flood_0407.jpg
650,dataset_real,flood,flood_0408.jpg
651,dataset_real,flood,flood_0409.jpg
652,dataset_real,flood,flood_0410.jpg
653,dataset_real,flood,flood_0412.jpg
654,dataset_real,flood,flood_0414.jpg
655,dataset_real,flood,flood_0415.jpg
656,dataset_real,flood,flood_0416.jpg
657,dataset_real,flood,flood_0417.jpg
658,dataset_real,flood,flood_0418.jpg
659,dataset_real,flood,flood_0419.jpg
660,dataset_real,flood,flood_0420.jpg
661,dataset_real,flood,flood_0421.jpg
662,dataset_real,flood,flood_0422.jpg
663,dataset_real,flood,flood_0423.jpg
664,dataset_real,flood,flood_0424.jpg
665,dataset_real,flood,flood_0425.jpg
666,dataset_real,flood,flood_0426.jpg
667,dataset_real,flood,flood_0427.jpg
668,dataset_real,flood,flood_0428.jpg
669,dataset_real,flood,flood_0429.jpg
670,dataset_real,flood,flood_0430.jpg
671,dataset_real,flood,flood_0431.jpg
672,dataset_real,flood,flood_0432.jpg
673,dataset_real,flood,flood_0433.jpg
674,dataset_real,flood,flood_0434.jpg
675,dataset_real,flood,flood_0435.jpg
676,dataset_real,flood,flood_0436.jpg
677,dataset_real,flood,flood_0437.jpg
678,dataset_real,flood,flood_0438.jpg
679,dataset_real,flood,flood_0439.jpg
680,dataset_real,flood,flood_0440.jpg
681,dataset_real,flood,flood_0441.jpg
682,dataset_real,flood,flood_0442.jpg
683,dataset_real,flood,flood_0443.jpg
684,dataset_real,flood,flood_0444.jpg
685,dataset_real,flood,flood_0445.jpg
686,dataset_real,flood,flood_0446.jpg
687,dataset_real,flood,flood_0447.jpg
688,dataset_real,flood,flood_0448.jpg
689,dataset_real,flood,flood_0449.jpg
690,dataset_real,memes,memes_0001.jpg
691,dataset_real,memes,memes_0002.jpg
692,dataset_real,memes,memes_0003.png
693,dataset_real,memes,memes_0004.png
694,dataset_real,memes,memes_0008.jpg
695,dataset_real,memes,memes_0009.jpg
696,dataset_real,memes,memes_0010.jpg
697,dataset_real,memes,memes_0011.jpg
698,dataset_real,memes,memes_0012.jpg
699,dataset_real,memes,memes_0018.jpg
700,dataset_real,memes,memes_0019.jpg
701,dataset_real,memes,memes_0020.jpg
702,dataset_real,memes,memes_0023.jpg
703,dataset_real,memes,memes_0024.png
704,dataset_real,memes,memes_0028.jpg
705,dataset_real,memes,memes_0030.png
706,dataset_real,memes,memes_0036.png
707,dataset_real,memes,memes_0038.jpg
708,dataset_real,memes,memes_0039.png
709,dataset_real,memes,memes_0040.png
710,dataset_real,memes,memes_0041.jpg
711,dataset_real,memes,memes_0042.jpg
712,dataset_real,memes,memes_0043.jpg
713,dataset_real,memes,memes_0044.jpg
714,dataset_real,memes,memes_0045.jpg
715,dataset_real,memes,memes_0047.jpg
716,dataset_real,memes,memes_0048.jpg
717,dataset_real,memes,memes_0049.jpg
718,dataset_real,memes,memes_0050.jpg
719,dataset_real,memes,memes_0051.jpg
720,dataset_real,memes,memes_0052.jpg
721,dataset_real,memes,memes_0053.jpg
722,dataset_real,memes,memes_0056.jpg
723,dataset_real,memes,memes_0058.jpg
724,dataset_real,memes,memes_0059.jpg
725,dataset_real,memes,memes_0060.jpg
726,dataset_real,memes,memes_0061.jpg
727,dataset_real,memes,memes_0062.jpg
728,dataset_real,memes,memes_0063.jpg
729,dataset_real,memes,memes_0066.jpg
730,dataset_real,memes,memes_0067.jpg
731,dataset_real,memes,memes_0068.jpg
732,dataset_real,memes,memes_0069.jpg
733,dataset_real,memes,memes_0072.jpg
734,dataset_real,memes,memes_0073.jpg
735,dataset_real,memes,memes_0074.jpg
736,dataset_real,memes,memes_0075.png
737,dataset_real,memes,memes_0076.jpg
738,dataset_real,memes,memes_0078.jpg
739,dataset_real,memes,memes_0081.jpg
740,dataset_real,memes,memes_0083.jpg
741,dataset_real,memes,memes_0084.jpg
742,dataset_real,memes,memes_0085.jpg
743,dataset_real,memes,memes_0086.jpg
744,dataset_real,memes,memes_0087.png
745,dataset_real,memes,memes_0088.jpg
746,dataset_real,memes,memes_0089.jpg
747,dataset_real,memes,memes_0091.jpg
748,dataset_real,memes,memes_0092.jpg
749,dataset_real,memes,memes_0093.jpg
750,dataset_real,memes,memes_0094.jpg
751,dataset_real,memes,memes_0095.jpg
752,dataset_real,memes,memes_0096.jpg
753,dataset_real,memes,memes_0097.jpg
754,dataset_real,memes,memes_0098.jpg
755,dataset_real,memes,memes_0099.jpg
756,dataset_real,memes,memes_0100.jpg
757,dataset_real,memes,memes_0101.jpg
758,dataset_real,memes,memes_0102.jpg
759,dataset_real,memes,memes_0104.jpg
760,dataset_real,memes,memes_0105.jpg
761,dataset_real,memes,memes_0106.jpg
762,dataset_real,memes,memes_0107.jpg
763,dataset_real,memes,memes_0108.jpg
764,dataset_real,memes,memes_0109.jpg
765,dataset_real,memes,memes_0110.jpg
766,dataset_real,memes,memes_0111.jpg
767,dataset_real,memes,memes_0112.jpg
768,dataset_real,memes,memes_0113.jpg
769,dataset_real,memes,memes_0114.jpg
770,dataset_real,memes,memes_0115.jpg
771,dataset_real,memes,memes_0116.jpg
772,dataset_real,memes,memes_0117.jpg
773,dataset_real,memes,memes_0118.jpg
774,dataset_real,memes,memes_0119.jpg
775,dataset_real,memes,memes_0120.jpg
776,dataset_real,memes,memes_0121.jpg
777,dataset_real,memes,memes_0122.jpg
778,dataset_real,memes,memes_0123.jpg
779,dataset_real,memes,memes_0124.jpg
780,dataset_real,memes,memes_0125.jpg
781,dataset_real,memes,memes_0126.jpg
782,dataset_real,memes,memes_0127.png
783,dataset_real,memes,memes_0128.jpg
784,dataset_real,memes,memes_0129.jpg
785,dataset_real,memes,memes_0130.png
786,dataset_real,memes,memes_0131.jpg
787,dataset_real,memes,memes_0132.jpg
788,dataset_real,memes,memes_0133.jpg
789,dataset_real,memes,memes_0135.jpg
790,dataset_real,memes,memes_0136.jpg
791,dataset_real,memes,memes_0137.jpg
792,dataset_real,memes,memes_0138.jpg
793,dataset_real,memes,memes_0139.jpg
794,dataset_real,memes,memes_0140.jpg
795,dataset_real,memes,memes_0141.jpg
796,dataset_real,memes,memes_0142.jpg
797,dataset_real,memes,memes_0143.jpg
798,dataset_real,memes,memes_0144.jpg
799,dataset_real,memes,memes_0145.jpg
800,dataset_real,memes,memes_0146.jpg
801,dataset_real,memes,memes_0147.jpg
802,dataset_real,memes,memes_0148.jpg
803,dataset_real,memes,memes_0149.jpg
804,dataset_real,memes,memes_0150.jpg
805,dataset_real,memes,memes_0151.jpg
806,dataset_real,memes,memes_0152.jpg
807,dataset_real,memes,memes_0153.jpg
808,dataset_real,memes,memes_0154.jpg
809,dataset_real,memes,memes_0176.jpg
810,dataset_real,memes,memes_0181.jpg
811,dataset_real,memes,memes_0182.jpg
812,dataset_real,memes,memes_0183.jpg
813,dataset_real,memes,memes_0184.jpg
814,dataset_real,memes,memes_0186.jpg
815,dataset_real,memes,memes_0187.jpg
816,dataset_real,memes,memes_0195.jpg
817,dataset_real,memes,memes_0196.jpg
818,dataset_real,memes,memes_0197.jpg
819,dataset_real,memes,memes_0198.jpg
820,dataset_real,memes,memes_0199.jpg
821,dataset_real,memes,memes_0200.jpg
822,dataset_real,memes,memes_0201.jpg
823,dataset_real,memes,memes_0202.jpg
824,dataset_real,memes,memes_0203.jpg
825,dataset_real,memes,memes_0204.jpg
826,dataset_real,memes,memes_0205.jpg
827,dataset_real,memes,memes_0206.jpg
828,dataset_real,memes,memes_0224.jpg
829,dataset_real,memes,memes_0225.jpg
830,dataset_real,memes,memes_0227.jpg
831,dataset_real,memes,memes_0228.jpg
832,dataset_real,memes,memes_0229.jpg
833,dataset_real,memes,memes_0230.jpg
834,dataset_real,memes,memes_0231.jpg
835,dataset_real,memes,memes_0232.jpg
836,dataset_real,memes,memes_0233.jpg
837,dataset_real,memes,memes_0234.jpg
838,dataset_real,memes,memes_0235.jpg
839,dataset_real,memes,memes_0236.jpg
840,dataset_real,memes,memes_0237.jpg
841,dataset_real,memes,memes_0238.jpg
842,dataset_real,memes,memes_0239.jpg
843,dataset_real,memes,memes_0240.jpg
844,dataset_real,memes,memes_0241.jpg
845,dataset_real,memes,memes_0242.jpg
846,dataset_real,memes,memes_0243.jpg
847,dataset_real,memes,memes_0244.jpg
848,dataset_real,memes,memes_0245.jpg
849,dataset_real,memes,memes_0246.jpg
850,dataset_real,memes,memes_0247.jpg
851,dataset_real,memes,memes_0248.jpg
852,dataset_real,memes,memes_0249.jpg
853,dataset_real,memes,memes_0250.jpg
854,dataset_real,memes,memes_0252.jpg
855,dataset_real,memes,memes_0261.jpg
856,dataset_real,memes,memes_0262.jpg
857,dataset_real,memes,memes_0263.jpg
858,dataset_real,memes,memes_0264.jpg
859,dataset_real,memes,memes_0265.png
860,dataset_real,memes,memes_0266.jpg
861,dataset_real,memes,memes_0272.jpg
862,dataset_real,memes,memes_0273.jpg
863,dataset_real,memes,memes_0274.jpg
864,dataset_real,memes,memes_0275.jpg
865,dataset_real,memes,memes_0276.jpg
866,dataset_real,memes,memes_0277.jpg
867,dataset_real,memes,memes_0278.jpg
868,dataset_real,memes,memes_0279.jpg
869,dataset_real,memes,memes_0280.jpg
870,dataset_real,memes,memes_0281.jpg
871,dataset_real,memes,memes_0282.jpg
872,dataset_real,memes,memes_0283.jpg
873,dataset_real,memes,memes_0286.jpg
874,dataset_real,memes,memes_0287.jpg
875,dataset_real,memes,memes_0288.jpg
876,dataset_real,memes,memes_0289.jpg
877,dataset_real,memes,memes_0290.jpg
878,dataset_real,memes,memes_0291.jpg
879,dataset_real,memes,memes_0297.jpg
880,dataset_real,memes,memes_0298.png
881,dataset_real,memes,memes_0299.png
882,dataset_real,memes,memes_0300.jpg
883,dataset_real,memes,memes_0304.jpg
884,dataset_real,memes,memes_0308.jpg
885,dataset_real,memes,memes_0309.png
886,dataset_real,memes,memes_0310.png
887,dataset_real,memes,memes_0311.jpg
888,dataset_real,memes,memes_0312.jpg
889,dataset_real,memes,memes_0313.png
890,dataset_real,memes,memes_0314.jpg
891,dataset_real,memes,memes_0316.jpg
892,dataset_real,memes,memes_0317.jpg
893,dataset_real,memes,memes_0318.jpg
894,dataset_real,memes,memes_0319.jpg
895,dataset_real,memes,memes_0320.png
896,dataset_real,memes,memes_0321.jpg
897,dataset_real,memes,memes_0322.jpg
898,dataset_real,memes,memes_0323.jpg
899,dataset_real,memes,memes_0324.jpg
900,dataset_real,memes,memes_0326.jpg
901,dataset_real,memes,memes_0327.jpg
902,dataset_real,memes,memes_0328.jpg
903,dataset_real,memes,memes_0329.jpg
904,dataset_real,memes,memes_0330.png
905,dataset_real,memes,memes_0331.png
906,dataset_real,memes,memes_0332.png
907,dataset_real,memes,memes_0333.png
908,dataset_real,memes,memes_0335.jpg
909,dataset_real,memes,memes_0336.jpg
910,dataset_real,memes,memes_0337.jpg
911,dataset_real,memes,memes_0338.jpg
912,dataset_real,memes,memes_0339.jpg
913,dataset_real,memes,memes_0340.jpg
914,dataset_real,memes,memes_0341.jpg
915,dataset_real,memes,memes_0342.jpg
916,dataset_real,memes,memes_0343.jpg
917,dataset_real,memes,memes_0345.jpg
918,dataset_real,memes,memes_0346.jpg
919,dataset_real,memes,memes_0347.jpg
920,dataset_real,memes,memes_0352.jpg
921,dataset_real,memes,memes_0354.jpg
922,dataset_real,memes,memes_0355.jpg
923,dataset_real,memes,memes_0359.jpg
924,dataset_real,memes,memes_0360.jpg
925,dataset_real,memes,memes_0361.jpg
926,dataset_real,memes,memes_0362.jpg
927,dataset_real,memes,memes_0365.jpg
928,dataset_real,memes,memes_0367.jpg
929,dataset_real,memes,memes_0368.jpg
930,dataset_real,memes,memes_0370.jpg
931,dataset_real,memes,memes_0371.jpg
932,dataset_real,memes,memes_0373.jpg
933,dataset_real,memes,memes_0376.jpg
934,dataset_real,memes,memes_0379.jpg
935,dataset_real,memes,memes_0380.jpg
936,dataset_real,memes,memes_0381.jpg
937,dataset_real,memes,memes_0382.jpg
938,dataset_real,memes,memes_0383.jpg
939,dataset_real,memes,memes_0384.jpg
940,dataset_real,memes,memes_0385.jpg
941,dataset_real,memes,memes_0386.jpg
942,dataset_real,memes,memes_0387.jpg
943,dataset_real,memes,memes_0388.jpg
944,dataset_real,memes,memes_0389.png
945,dataset_real,memes,memes_0391.png
946,dataset_real,memes,memes_0392.jpg
947,dataset_real,memes,memes_0393.jpg
948,dataset_real,memes,memes_0397.jpg
949,dataset_real,memes,memes_0398.jpg
950,dataset_real,memes,memes_0399.jpg
951,dataset_real,memes,memes_0400.jpg
952,dataset_real,memes,memes_0401.jpg
953,dataset_real,memes,memes_0402.jpg
954,dataset_real,memes,memes_0403.jpg
955,dataset_real,memes,memes_0404.jpg
956,dataset_real,memes,memes_0406.jpg
957,dataset_real,memes,memes_0407.jpg
958,dataset_real,memes,memes_0408.jpg
959,dataset_real,memes,memes_0409.jpg
960,dataset_real,memes,memes_0410.jpg
961,dataset_real,memes,memes_0411.jpg
962,dataset_real,memes,memes_0412.jpg
963,dataset_real,memes,memes_0414.jpg
964,dataset_real,memes,memes_0415.jpg
965,dataset_real,memes,memes_0416.jpg
966,dataset_real,memes,memes_0417.jpg
967,dataset_real,memes,memes_0418.jpg
968,dataset_real,memes,memes_0419.png
969,dataset_real,memes,memes_0420.jpg
970,dataset_real,memes,memes_0421.jpg
971,dataset_real,memes,memes_0423.jpg
972,dataset_real,memes,memes_0424.jpg
973,dataset_real,memes,memes_0425.jpg
974,dataset_real,memes,memes_0426.jpg
975,dataset_real,memes,memes_0427.jpg
976,dataset_real,memes,memes_0428.jpg
977,dataset_real,memes,memes_0429.jpg
978,dataset_real,memes,memes_0432.png
979,dataset_real,memes,memes_0433.jpg
980,dataset_real,memes,memes_0434.jpg
981,dataset_real,memes,memes_0435.jpg
982,dataset_real,memes,memes_0436.jpg
983,dataset_real,memes,memes_0437.jpg
984,dataset_real,memes,memes_0438.jpg
985,dataset_real,memes,memes_0439.jpg
986,dataset_real,memes,memes_0440.jpg
987,dataset_real,memes,memes_0441.jpg
988,dataset_real,memes,memes_0442.jpg
989,dataset_real,memes,memes_0443.jpg
990,dataset_real,memes,memes_0444.jpg
991,dataset_real,memes,memes_0445.jpg
992,dataset_real,memes,memes_0446.jpg
993,dataset_real,memes,memes_0447.jpg
994,dataset_real,memes,memes_0448.jpg
995,dataset_real,memes,memes_0449.jpg
996,dataset_real,plane_crash_debris,plane_crash_debris_0000.jpg
997,dataset_real,plane_crash_debris,plane_crash_debris_0001.jpg
998,dataset_real,plane_crash_debris,plane_crash_debris_0002.jpg
999,dataset_real,plane_crash_debris,plane_crash_debris_0003.jpg
1000,dataset_real,plane_crash_debris,plane_crash_debris_0004.jpg
1001,dataset_real,plane_crash_debris,plane_crash_debris_0005.jpg
1002,dataset_real,plane_crash_debris,plane_crash_debris_0006.jpg
1003,dataset_real,plane_crash_debris,plane_crash_debris_0007.jpg
1004,dataset_real,plane_crash_debris,plane_crash_debris_0008.jpg
1005,dataset_real,plane_crash_debris,plane_crash_debris_0009.jpg
1006,dataset_real,plane_crash_debris,plane_crash_debris_0010.jpg
1007,dataset_real,plane_crash_debris,plane_crash_debris_0011.jpg
1008,dataset_real,plane_crash_debris,plane_crash_debris_0012.jpg
1009,dataset_real,plane_crash_debris,plane_crash_debris_0013.jpg
1010,dataset_real,plane_crash_debris,plane_crash_debris_0014.jpg
1011,dataset_real,plane_crash_debris,plane_crash_debris_0015.jpg
1012,dataset_real,plane_crash_debris,plane_crash_debris_0016.jpg
1013,dataset_real,plane_crash_debris,plane_crash_debris_0017.jpg
1014,dataset_real,plane_crash_debris,plane_crash_debris_0018.jpg
1015,dataset_real,plane_crash_debris,plane_crash_debris_0019.jpg
1016,dataset_real,plane_crash_debris,plane_crash_debris_0020.jpg
1017,dataset_real,plane_crash_debris,plane_crash_debris_0021.jpg
1018,dataset_real,plane_crash_debris,plane_crash_debris_0022.jpg
1019,dataset_real,plane_crash_debris,plane_crash_debris_0023.jpg
1020,dataset_real,plane_crash_debris,plane_crash_debris_0024.jpg
1021,dataset_real,plane_crash_debris,plane_crash_debris_0025.jpg
1022,dataset_real,plane_crash_debris,plane_crash_debris_0027.jpg
1023,dataset_real,plane_crash_debris,plane_crash_debris_0028.jpg
1024,dataset_real,plane_crash_debris,plane_crash_debris_0029.jpg
1025,dataset_real,plane_crash_debris,plane_crash_debris_0030.jpg
1026,dataset_real,plane_crash_debris,plane_crash_debris_0031.jpg
1027,dataset_real,plane_crash_debris,plane_crash_debris_0032.jpg
1028,dataset_real,plane_crash_debris,plane_crash_debris_0033.jpg
1029,dataset_real,plane_crash_debris,plane_crash_debris_0034.jpg
1030,dataset_real,plane_crash_debris,plane_crash_debris_0035.jpg
1031,dataset_real,plane_crash_debris,plane_crash_debris_0036.jpg
1032,dataset_real,plane_crash_debris,plane_crash_debris_0037.jpg
1033,dataset_real,plane_crash_debris,plane_crash_debris_0038.jpg
1034,dataset_real,plane_crash_debris,plane_crash_debris_0039.jpg
1035,dataset_real,plane_crash_debris,plane_crash_debris_0040.jpg
1036,dataset_real,plane_crash_debris,plane_crash_debris_0041.jpg
1037,dataset_real,plane_crash_debris,plane_crash_debris_0042.jpg
1038,dataset_real,plane_crash_debris,plane_crash_debris_0043.jpg
1039,dataset_real,plane_crash_debris,plane_crash_debris_0044.jpg
1040,dataset_real,plane_crash_debris,plane_crash_debris_0045.jpg
1041,dataset_real,plane_crash_debris,plane_crash_debris_0046.jpg
1042,dataset_real,plane_crash_debris,plane_crash_debris_0047.jpg
1043,dataset_real,plane_crash_debris,plane_crash_debris_0048.jpg
1044,dataset_real,plane_crash_debris,plane_crash_debris_0049.jpg
1045,dataset_real,plane_crash_debris,plane_crash_debris_0050.jpg
1046,dataset_real,plane_crash_debris,plane_crash_debris_0051.jpg
1047,dataset_real,plane_crash_debris,plane_crash_debris_0052.jpg
1048,dataset_real,plane_crash_debris,plane_crash_debris_0054.jpg
1049,dataset_real,plane_crash_debris,plane_crash_debris_0055.jpg
1050,dataset_real,plane_crash_debris,plane_crash_debris_0056.jpg
1051,dataset_real,plane_crash_debris,plane_crash_debris_0057.jpg
1052,dataset_real,plane_crash_debris,plane_crash_debris_0058.jpg
1053,dataset_real,plane_crash_debris,plane_crash_debris_0059.jpg
1054,dataset_real,plane_crash_debris,plane_crash_debris_0060.jpg
1055,dataset_real,plane_crash_debris,plane_crash_debris_0062.jpg
1056,dataset_real,plane_crash_debris,plane_crash_debris_0063.jpg
1057,dataset_real,plane_crash_debris,plane_crash_debris_0064.jpg
1058,dataset_real,plane_crash_debris,plane_crash_debris_0065.jpg
1059,dataset_real,plane_crash_debris,plane_crash_debris_0066.jpg
1060,dataset_real,plane_crash_debris,plane_crash_debris_0067.jpg
1061,dataset_real,plane_crash_debris,plane_crash_debris_0068.jpg
1062,dataset_real,plane_crash_debris,plane_crash_debris_0069.jpg
1063,dataset_real,plane_crash_debris,plane_crash_debris_0070.jpg
1064,dataset_real,plane_crash_debris,plane_crash_debris_0072.jpg
1065,dataset_real,plane_crash_debris,plane_crash_debris_0073.jpg
1066,dataset_real,plane_crash_debris,plane_crash_debris_0074.jpg
1067,dataset_real,plane_crash_debris,plane_crash_debris_0075.jpg
1068,dataset_real,plane_crash_debris,plane_crash_debris_0076.jpg
1069,dataset_real,plane_crash_debris,plane_crash_debris_0077.png
1070,dataset_real,plane_crash_debris,plane_crash_debris_0078.jpg
1071,dataset_real,plane_crash_debris,plane_crash_debris_0079.png
1072,dataset_real,plane_crash_debris,plane_crash_debris_0080.jpg
1073,dataset_real,plane_crash_debris,plane_crash_debris_0081.jpg
1074,dataset_real,plane_crash_debris,plane_crash_debris_0082.jpg
1075,dataset_real,plane_crash_debris,plane_crash_debris_0083.jpg
1076,dataset_real,plane_crash_debris,plane_crash_debris_0084.jpg
1077,dataset_real,plane_crash_debris,plane_crash_debris_0085.jpg
1078,dataset_real,plane_crash_debris,plane_crash_debris_0086.jpg
1079,dataset_real,plane_crash_debris,plane_crash_debris_0087.jpg
1080,dataset_real,plane_crash_debris,plane_crash_debris_0088.jpg
1081,dataset_real,plane_crash_debris,plane_crash_debris_0089.jpg
1082,dataset_real,plane_crash_debris,plane_crash_debris_0090.jpg
1083,dataset_real,plane_crash_debris,plane_crash_debris_0091.jpg
1084,dataset_real,plane_crash_debris,plane_crash_debris_0092.jpg
1085,dataset_real,plane_crash_debris,plane_crash_debris_0093.jpg
1086,dataset_real,plane_crash_debris,plane_crash_debris_0094.jpg
1087,dataset_real,plane_crash_debris,plane_crash_debris_0095.jpg
1088,dataset_real,plane_crash_debris,plane_crash_debris_0096.jpg
1089,dataset_real,plane_crash_debris,plane_crash_debris_0097.png
1090,dataset_real,plane_crash_debris,plane_crash_debris_0098.jpg
1091,dataset_real,plane_crash_debris,plane_crash_debris_0100.jpg
1092,dataset_real,plane_crash_debris,plane_crash_debris_0101.jpg
1093,dataset_real,plane_crash_debris,plane_crash_debris_0102.jpg
1094,dataset_real,plane_crash_debris,plane_crash_debris_0103.jpg
1095,dataset_real,plane_crash_debris,plane_crash_debris_0104.jpg
1096,dataset_real,plane_crash_debris,plane_crash_debris_0105.jpg
1097,dataset_real,plane_crash_debris,plane_crash_debris_0106.jpg
1098,dataset_real,plane_crash_debris,plane_crash_debris_0107.jpg
1099,dataset_real,plane_crash_debris,plane_crash_debris_0108.jpg
1100,dataset_real,plane_crash_debris,plane_crash_debris_0109.jpg
1101,dataset_real,plane_crash_debris,plane_crash_debris_0110.jpg
1102,dataset_real,plane_crash_debris,plane_crash_debris_0111.jpg
1103,dataset_real,plane_crash_debris,plane_crash_debris_0112.jpg
1104,dataset_real,plane_crash_debris,plane_crash_debris_0113.jpg
1105,dataset_real,plane_crash_debris,plane_crash_debris_0114.jpg
1106,dataset_real,plane_crash_debris,plane_crash_debris_0115.jpg
1107,dataset_real,plane_crash_debris,plane_crash_debris_0116.jpg
1108,dataset_real,plane_crash_debris,plane_crash_debris_0117.jpg
1109,dataset_real,plane_crash_debris,plane_crash_debris_0118.jpg
1110,dataset_real,plane_crash_debris,plane_crash_debris_0119.jpg
1111,dataset_real,plane_crash_debris,plane_crash_debris_0120.jpg
1112,dataset_real,plane_crash_debris,plane_crash_debris_0121.jpg
1113,dataset_real,plane_crash_debris,plane_crash_debris_0122.jpg
1114,dataset_real,plane_crash_debris,plane_crash_debris_0123.jpg
1115,dataset_real,plane_crash_debris,plane_crash_debris_0124.jpg
1116,dataset_real,plane_crash_debris,plane_crash_debris_0125.jpg
1117,dataset_real,plane_crash_debris,plane_crash_debris_0126.jpg
1118,dataset_real,plane_crash_debris,plane_crash_debris_0127.jpg
1119,dataset_real,plane_crash_debris,plane_crash_debris_0128.jpg
1120,dataset_real,plane_crash_debris,plane_crash_debris_0129.jpg
1121,dataset_real,plane_crash_debris,plane_crash_debris_0130.jpg
1122,dataset_real,plane_crash_debris,plane_crash_debris_0131.jpg
1123,dataset_real,plane_crash_debris,plane_crash_debris_0132.jpg
1124,dataset_real,plane_crash_debris,plane_crash_debris_0133.jpg
1125,dataset_real,plane_crash_debris,plane_crash_debris_0134.jpg
1126,dataset_real,plane_crash_debris,plane_crash_debris_0135.jpg
1127,dataset_real,plane_crash_debris,plane_crash_debris_0136.jpg
1128,dataset_real,plane_crash_debris,plane_crash_debris_0137.jpg
1129,dataset_real,plane_crash_debris,plane_crash_debris_0138.jpg
1130,dataset_real,plane_crash_debris,plane_crash_debris_0139.jpg
1131,dataset_real,plane_crash_debris,plane_crash_debris_0140.jpg
1132,dataset_real,plane_crash_debris,plane_crash_debris_0141.jpg
1133,dataset_real,plane_crash_debris,plane_crash_debris_0142.jpg
1134,dataset_real,plane_crash_debris,plane_crash_debris_0143.jpg
1135,dataset_real,plane_crash_debris,plane_crash_debris_0144.jpg
1136,dataset_real,plane_crash_debris,plane_crash_debris_0145.jpg
1137,dataset_real,plane_crash_debris,plane_crash_debris_0146.jpg
1138,dataset_real,plane_crash_debris,plane_crash_debris_0147.jpg
1139,dataset_real,plane_crash_debris,plane_crash_debris_0148.jpg
1140,dataset_real,plane_crash_debris,plane_crash_debris_0149.jpg
1141,dataset_real,plane_crash_debris,plane_crash_debris_0150.jpg
1142,dataset_real,plane_crash_debris,plane_crash_debris_0151.jpg
1143,dataset_real,plane_crash_debris,plane_crash_debris_0152.jpg
1144,dataset_real,plane_crash_debris,plane_crash_debris_0153.jpg
1145,dataset_real,plane_crash_debris,plane_crash_debris_0154.jpg
1146,dataset_real,plane_crash_debris,plane_crash_debris_0155.jpg
1147,dataset_real,plane_crash_debris,plane_crash_debris_0156.jpg
1148,dataset_real,plane_crash_debris,plane_crash_debris_0157.jpg
1149,dataset_real,plane_crash_debris,plane_crash_debris_0158.jpg
1150,dataset_real,plane_crash_debris,plane_crash_debris_0159.jpg
1151,dataset_real,plane_crash_debris,plane_crash_debris_0160.jpg
1152,dataset_real,plane_crash_debris,plane_crash_debris_0161.jpg
1153,dataset_real,plane_crash_debris,plane_crash_debris_0162.jpg
1154,dataset_real,plane_crash_debris,plane_crash_debris_0163.jpg
1155,dataset_real,plane_crash_debris,plane_crash_debris_0164.jpg
1156,dataset_real,plane_crash_debris,plane_crash_debris_0165.jpg
1157,dataset_real,plane_crash_debris,plane_crash_debris_0166.jpg
1158,dataset_real,plane_crash_debris,plane_crash_debris_0167.jpg
1159,dataset_real,plane_crash_debris,plane_crash_debris_0168.jpg
1160,dataset_real,plane_crash_debris,plane_crash_debris_0169.jpg
1161,dataset_real,plane_crash_debris,plane_crash_debris_0170.jpg
1162,dataset_real,plane_crash_debris,plane_crash_debris_0171.jpg
1163,dataset_real,plane_crash_debris,plane_crash_debris_0172.jpg
1164,dataset_real,plane_crash_debris,plane_crash_debris_0173.jpg
1165,dataset_real,plane_crash_debris,plane_crash_debris_0174.jpg
1166,dataset_real,plane_crash_debris,plane_crash_debris_0175.jpg
1167,dataset_real,plane_crash_debris,plane_crash_debris_0176.jpg
1168,dataset_real,plane_crash_debris,plane_crash_debris_0177.jpg
1169,dataset_real,plane_crash_debris,plane_crash_debris_0178.jpg
1170,dataset_real,plane_crash_debris,plane_crash_debris_0179.jpg
1171,dataset_real,plane_crash_debris,plane_crash_debris_0180.jpg
1172,dataset_real,plane_crash_debris,plane_crash_debris_0181.jpg
1173,dataset_real,plane_crash_debris,plane_crash_debris_0182.jpg
1174,dataset_real,plane_crash_debris,plane_crash_debris_0183.jpg
1175,dataset_real,plane_crash_debris,plane_crash_debris_0184.jpg
1176,dataset_real,plane_crash_debris,plane_crash_debris_0185.jpg
1177,dataset_real,plane_crash_debris,plane_crash_debris_0186.jpg
1178,dataset_real,plane_crash_debris,plane_crash_debris_0187.jpg
1179,dataset_real,plane_crash_debris,plane_crash_debris_0188.jpg
1180,dataset_real,plane_crash_debris,plane_crash_debris_0189.jpg
1181,dataset_real,plane_crash_debris,plane_crash_debris_0190.jpg
1182,dataset_real,plane_crash_debris,plane_crash_debris_0191.jpg
1183,dataset_real,plane_crash_debris,plane_crash_debris_0192.jpg
1184,dataset_real,plane_crash_debris,plane_crash_debris_0193.jpg
1185,dataset_real,plane_crash_debris,plane_crash_debris_0194.jpg
1186,dataset_real,plane_crash_debris,plane_crash_debris_0195.jpg
1187,dataset_real,plane_crash_debris,plane_crash_debris_0196.jpg
1188,dataset_real,plane_crash_debris,plane_crash_debris_0197.jpg
1189,dataset_real,plane_crash_debris,plane_crash_debris_0198.jpg
1190,dataset_real,plane_crash_debris,plane_crash_debris_0199.jpg
1191,dataset_real,plane_crash_debris,plane_crash_debris_0200.jpg
1192,dataset_real,plane_crash_debris,plane_crash_debris_0201.jpg
1193,dataset_real,plane_crash_debris,plane_crash_debris_0202.jpg
1194,dataset_real,plane_crash_debris,plane_crash_debris_0203.jpg
1195,dataset_real,plane_crash_debris,plane_crash_debris_0204.jpg
1196,dataset_real,plane_crash_debris,plane_crash_debris_0205.jpg
1197,dataset_real,plane_crash_debris,plane_crash_debris_0206.jpg
1198,dataset_real,plane_crash_debris,plane_crash_debris_0207.jpg
1199,dataset_real,plane_crash_debris,plane_crash_debris_0208.jpg
1200,dataset_real,plane_crash_debris,plane_crash_debris_0209.jpg
1201,dataset_real,plane_crash_debris,plane_crash_debris_0210.jpg
1202,dataset_real,plane_crash_debris,plane_crash_debris_0211.jpg
1203,dataset_real,plane_crash_debris,plane_crash_debris_0212.jpg
1204,dataset_real,plane_crash_debris,plane_crash_debris_0213.jpg
1205,dataset_real,plane_crash_debris,plane_crash_debris_0214.jpg
1206,dataset_real,plane_crash_debris,plane_crash_debris_0215.jpg
1207,dataset_real,plane_crash_debris,plane_crash_debris_0216.jpg
1208,dataset_real,plane_crash_debris,plane_crash_debris_0217.jpg
1209,dataset_real,plane_crash_debris,plane_crash_debris_0218.jpg
1210,dataset_real,plane_crash_debris,plane_crash_debris_0219.jpg
1211,dataset_real,plane_crash_debris,plane_crash_debris_0220.jpg
1212,dataset_real,plane_crash_debris,plane_crash_debris_0221.jpg
1213,dataset_real,plane_crash_debris,plane_crash_debris_0222.jpg
1214,dataset_real,plane_crash_debris,plane_crash_debris_0223.jpg
1215,dataset_real,plane_crash_debris,plane_crash_debris_0224.jpg
1216,dataset_real,plane_crash_debris,plane_crash_debris_0225.jpg
1217,dataset_real,plane_crash_debris,plane_crash_debris_0226.jpg
1218,dataset_real,plane_crash_debris,plane_crash_debris_0227.jpg
1219,dataset_real,plane_crash_debris,plane_crash_debris_0231.jpg
1220,dataset_real,plane_crash_debris,plane_crash_debris_0232.jpg
1221,dataset_real,plane_crash_debris,plane_crash_debris_0233.jpg
1222,dataset_real,plane_crash_debris,plane_crash_debris_0234.jpg
1223,dataset_real,plane_crash_debris,plane_crash_debris_0235.jpg
1224,dataset_real,plane_crash_debris,plane_crash_debris_0236.jpg
1225,dataset_real,plane_crash_debris,plane_crash_debris_0237.jpg
1226,dataset_real,plane_crash_debris,plane_crash_debris_0238.jpg
1227,dataset_real,plane_crash_debris,plane_crash_debris_0239.jpg
1228,dataset_real,plane_crash_debris,plane_crash_debris_0240.jpg
1229,dataset_real,plane_crash_debris,plane_crash_debris_0241.jpg
1230,dataset_real,plane_crash_debris,plane_crash_debris_0242.jpg
1231,dataset_real,plane_crash_debris,plane_crash_debris_0243.jpg
1232,dataset_real,plane_crash_debris,plane_crash_debris_0244.jpg
1233,dataset_real,plane_crash_debris,plane_crash_debris_0245.jpg
1234,dataset_real,plane_crash_debris,plane_crash_debris_0246.jpg
1235,dataset_real,plane_crash_debris,plane_crash_debris_0247.jpg
1236,dataset_real,plane_crash_debris,plane_crash_debris_0249.jpg
1237,dataset_real,plane_crash_debris,plane_crash_debris_0250.jpg
1238,dataset_real,plane_crash_debris,plane_crash_debris_0254.jpg
1239,dataset_real,plane_crash_debris,plane_crash_debris_0255.jpg
1240,dataset_real,plane_crash_debris,plane_crash_debris_0256.jpg
1241,dataset_real,plane_crash_debris,plane_crash_debris_0257.jpg
1242,dataset_real,plane_crash_debris,plane_crash_debris_0259.jpg
1243,dataset_real,plane_crash_debris,plane_crash_debris_0260.jpg
1244,dataset_real,plane_crash_debris,plane_crash_debris_0262.jpg
1245,dataset_real,plane_crash_debris,plane_crash_debris_0263.jpg
1246,dataset_real,plane_crash_debris,plane_crash_debris_0264.jpg
1247,dataset_real,plane_crash_debris,plane_crash_debris_0265.jpg
1248,dataset_real,plane_crash_debris,plane_crash_debris_0266.jpg
1249,dataset_real,plane_crash_debris,plane_crash_debris_0267.jpg
1250,dataset_real,plane_crash_debris,plane_crash_debris_0269.jpg
1251,dataset_real,plane_crash_debris,plane_crash_debris_0270.jpg
1252,dataset_real,plane_crash_debris,plane_crash_debris_0271.jpg
1253,dataset_real,plane_crash_debris,plane_crash_debris_0272.jpg
1254,dataset_real,plane_crash_debris,plane_crash_debris_0273.jpg
1255,dataset_real,plane_crash_debris,plane_crash_debris_0274.jpg
1256,dataset_real,plane_crash_debris,plane_crash_debris_0275.jpg
1257,dataset_real,plane_crash_debris,plane_crash_debris_0276.jpg
1258,dataset_real,plane_crash_debris,plane_crash_debris_0277.jpg
1259,dataset_real,plane_crash_debris,plane_crash_debris_0278.jpg
1260,dataset_real,plane_crash_debris,plane_crash_debris_0279.jpg
1261,dataset_real,plane_crash_debris,plane_crash_debris_0280.jpg
1262,dataset_real,plane_crash_debris,plane_crash_debris_0281.jpg
1263,dataset_real,plane_crash_debris,plane_crash_debris_0282.jpg
1264,dataset_real,plane_crash_debris,plane_crash_debris_0283.jpg
1265,dataset_real,plane_crash_debris,plane_crash_debris_0284.jpg
1266,dataset_real,plane_crash_debris,plane_crash_debris_0285.jpg
1267,dataset_real,plane_crash_debris,plane_crash_debris_0286.jpg
1268,dataset_real,plane_crash_debris,plane_crash_debris_0287.jpg
1269,dataset_real,plane_crash_debris,plane_crash_debris_0288.jpg
1270,dataset_real,plane_crash_debris,plane_crash_debris_0289.jpg
1271,dataset_real,plane_crash_debris,plane_crash_debris_0290.jpg
1272,dataset_real,plane_crash_debris,plane_crash_debris_0291.jpg
1273,dataset_real,plane_crash_debris,plane_crash_debris_0292.jpg
1274,dataset_real,plane_crash_debris,plane_crash_debris_0293.jpg
1275,dataset_real,plane_crash_debris,plane_crash_debris_0294.jpg
1276,dataset_real,plane_crash_debris,plane_crash_debris_0295.jpg
1277,dataset_real,plane_crash_debris,plane_crash_debris_0296.jpg
1278,dataset_real,plane_crash_debris,plane_crash_debris_0297.jpg
1279,dataset_real,plane_crash_debris,plane_crash_debris_0298.jpg
1280,dataset_real,plane_crash_debris,plane_crash_debris_0300.jpg
1281,dataset_real,plane_crash_debris,plane_crash_debris_0301.jpg
1282,dataset_real,plane_crash_debris,plane_crash_debris_0302.jpg
1283,dataset_real,plane_crash_debris,plane_crash_debris_0303.jpg
1284,dataset_real,plane_crash_debris,plane_crash_debris_0304.jpg
1285,dataset_real,plane_crash_debris,plane_crash_debris_0305.jpg
1286,dataset_real,plane_crash_debris,plane_crash_debris_0306.jpg
1287,dataset_real,plane_crash_debris,plane_crash_debris_0307.jpg
1288,dataset_real,plane_crash_debris,plane_crash_debris_0308.jpg
1289,dataset_real,plane_crash_debris,plane_crash_debris_0309.jpg
1290,dataset_real,plane_crash_debris,plane_crash_debris_0310.jpg
1291,dataset_real,plane_crash_debris,plane_crash_debris_0311.jpg
1292,dataset_real,plane_crash_debris,plane_crash_debris_0312.jpg
1293,dataset_real,plane_crash_debris,plane_crash_debris_0313.jpg
1294,dataset_real,plane_crash_debris,plane_crash_debris_0314.jpg
1295,dataset_real,plane_crash_debris,plane_crash_debris_0315.jpg
1296,dataset_real,plane_crash_debris,plane_crash_debris_0316.jpg
1297,dataset_real,plane_crash_debris,plane_crash_debris_0317.jpg
1298,dataset_real,plane_crash_debris,plane_crash_debris_0318.jpg
1299,dataset_real,plane_crash_debris,plane_crash_debris_0319.jpg
1300,dataset_real,plane_crash_debris,plane_crash_debris_0320.jpg
1301,dataset_real,plane_crash_debris,plane_crash_debris_0321.jpg
1302,dataset_real,plane_crash_debris,plane_crash_debris_0322.jpg
1303,dataset_real,plane_crash_debris,plane_crash_debris_0323.jpg
1304,dataset_real,plane_crash_debris,plane_crash_debris_0324.jpg
1305,dataset_real,plane_crash_debris,plane_crash_debris_0325.jpg
1306,dataset_real,plane_crash_debris,plane_crash_debris_0326.jpg
1307,dataset_real,plane_crash_debris,plane_crash_debris_0327.jpg
1308,dataset_real,plane_crash_debris,plane_crash_debris_0328.jpg
1309,dataset_real,plane_crash_debris,plane_crash_debris_0329.jpg
1310,dataset_real,plane_crash_debris,plane_crash_debris_0330.jpg
1311,dataset_real,plane_crash_debris,plane_crash_debris_0331.jpg
1312,dataset_real,plane_crash_debris,plane_crash_debris_0332.jpg
1313,dataset_real,plane_crash_debris,plane_crash_debris_0333.jpg
1314,dataset_real,plane_crash_debris,plane_crash_debris_0334.jpg
1315,dataset_real,plane_crash_debris,plane_crash_debris_0336.jpg
1316,dataset_real,plane_crash_debris,plane_crash_debris_0338.jpg
1317,dataset_real,plane_crash_debris,plane_crash_debris_0339.jpg
1318,dataset_real,plane_crash_debris,plane_crash_debris_0340.jpg
1319,dataset_real,plane_crash_debris,plane_crash_debris_0341.jpg
1320,dataset_real,plane_crash_debris,plane_crash_debris_0342.jpg
1321,dataset_real,plane_crash_debris,plane_crash_debris_0343.jpg
1322,dataset_real,plane_crash_debris,plane_crash_debris_0344.jpg
1323,dataset_real,plane_crash_debris,plane_crash_debris_0345.jpg
1324,dataset_real,plane_crash_debris,plane_crash_debris_0346.jpg
1325,dataset_real,plane_crash_debris,plane_crash_debris_0347.jpg
1326,dataset_real,plane_crash_debris,plane_crash_debris_0348.jpg
1327,dataset_real,plane_crash_debris,plane_crash_debris_0352.jpg
1328,dataset_real,plane_crash_debris,plane_crash_debris_0353.jpg
1329,dataset_real,plane_crash_debris,plane_crash_debris_0354.jpg
1330,dataset_real,plane_crash_debris,plane_crash_debris_0355.jpg
1331,dataset_real,plane_crash_debris,plane_crash_debris_0356.jpg
1332,dataset_real,plane_crash_debris,plane_crash_debris_0357.jpg
1333,dataset_real,plane_crash_debris,plane_crash_debris_0358.jpg
1334,dataset_real,plane_crash_debris,plane_crash_debris_0359.jpg
1335,dataset_real,plane_crash_debris,plane_crash_debris_0363.jpg
1336,dataset_real,plane_crash_debris,plane_crash_debris_0365.jpg
1337,dataset_real,plane_crash_debris,plane_crash_debris_0366.jpg
1338,dataset_real,plane_crash_debris,plane_crash_debris_0368.jpg
1339,dataset_real,plane_crash_debris,plane_crash_debris_0369.jpg
1340,dataset_real,plane_crash_debris,plane_crash_debris_0370.jpg
1341,dataset_real,plane_crash_debris,plane_crash_debris_0371.jpg
1342,dataset_real,plane_crash_debris,plane_crash_debris_0372.jpg
1343,dataset_real,plane_crash_debris,plane_crash_debris_0373.jpg
1344,dataset_real,plane_crash_debris,plane_crash_debris_0374.jpg
1345,dataset_real,plane_crash_debris,plane_crash_debris_0375.jpg
1346,dataset_real,plane_crash_debris,plane_crash_debris_0376.jpg
1347,dataset_real,plane_crash_debris,plane_crash_debris_0377.jpg
1348,dataset_real,plane_crash_debris,plane_crash_debris_0378.jpg
1349,dataset_real,plane_crash_debris,plane_crash_debris_0379.jpg
1350,dataset_real,plane_crash_debris,plane_crash_debris_0385.jpg
1351,dataset_real,plane_crash_debris,plane_crash_debris_0386.jpg
1352,dataset_real,plane_crash_debris,plane_crash_debris_0387.jpg
1353,dataset_real,plane_crash_debris,plane_crash_debris_0388.jpg
1354,dataset_real,plane_crash_debris,plane_crash_debris_0389.jpg
1355,dataset_real,plane_crash_debris,plane_crash_debris_0390.jpg
1356,dataset_real,plane_crash_debris,plane_crash_debris_0391.jpg
1357,dataset_real,plane_crash_debris,plane_crash_debris_0392.jpg
1358,dataset_real,plane_crash_debris,plane_crash_debris_0393.jpg
1359,dataset_real,plane_crash_debris,plane_crash_debris_0394.jpg
1360,dataset_real,plane_crash_debris,plane_crash_debris_0395.jpg
1361,dataset_real,plane_crash_debris,plane_crash_debris_0396.jpg
1362,dataset_real,plane_crash_debris,plane_crash_debris_0397.jpg
1363,dataset_real,plane_crash_debris,plane_crash_debris_0398.jpg
1364,dataset_real,plane_crash_debris,plane_crash_debris_0399.jpg
1365,dataset_real,plane_crash_debris,plane_crash_debris_0400.jpg
1366,dataset_real,plane_crash_debris,plane_crash_debris_0401.jpg
1367,dataset_real,plane_crash_debris,plane_crash_debris_0402.jpg
1368,dataset_real,plane_crash_debris,plane_crash_debris_0404.jpg
1369,dataset_real,plane_crash_debris,plane_crash_debris_0406.jpg
1370,dataset_real,plane_crash_debris,plane_crash_debris_0407.jpg
1371,dataset_real,plane_crash_debris,plane_crash_debris_0408.jpg
1372,dataset_real,plane_crash_debris,plane_crash_debris_0409.jpg
1373,dataset_real,plane_crash_debris,plane_crash_debris_0410.jpg
1374,dataset_real,plane_crash_debris,plane_crash_debris_0411.jpg
1375,dataset_real,plane_crash_debris,plane_crash_debris_0412.jpg
1376,dataset_real,plane_crash_debris,plane_crash_debris_0413.jpg
1377,dataset_real,plane_crash_debris,plane_crash_debris_0414.jpg
1378,dataset_real,plane_crash_debris,plane_crash_debris_0415.jpg
1379,dataset_real,plane_crash_debris,plane_crash_debris_0416.jpg
1380,dataset_real,plane_crash_debris,plane_crash_debris_0417.jpg
1381,dataset_real,plane_crash_debris,plane_crash_debris_0418.jpg
1382,dataset_real,plane_crash_debris,plane_crash_debris_0419.jpg
1383,dataset_real,plane_crash_debris,plane_crash_debris_0420.jpg
1384,dataset_real,plane_crash_debris,plane_crash_debris_0421.jpg
1385,dataset_real,plane_crash_debris,plane_crash_debris_0422.jpg
1386,dataset_real,plane_crash_debris,plane_crash_debris_0423.jpg
1387,dataset_real,plane_crash_debris,plane_crash_debris_0424.jpg
1388,dataset_real,plane_crash_debris,plane_crash_debris_0425.jpg
1389,dataset_real,plane_crash_debris,plane_crash_debris_0426.jpg
1390,dataset_real,plane_crash_debris,plane_crash_debris_0427.jpg
1391,dataset_real,plane_crash_debris,plane_crash_debris_0428.jpg
1392,dataset_real,plane_crash_debris,plane_crash_debris_0429.jpg
1393,dataset_real,plane_crash_debris,plane_crash_debris_0430.jpg
1394,dataset_real,plane_crash_debris,plane_crash_debris_0431.jpg
1395,dataset_real,plane_crash_debris,plane_crash_debris_0433.jpg
1396,dataset_real,plane_crash_debris,plane_crash_debris_0434.jpg
1397,dataset_real,plane_crash_debris,plane_crash_debris_0435.jpg
1398,dataset_real,plane_crash_debris,plane_crash_debris_0436.jpg
1399,dataset_real,plane_crash_debris,plane_crash_debris_0437.jpg
1400,dataset_real,plane_crash_debris,plane_crash_debris_0438.jpg
1401,dataset_real,plane_crash_debris,plane_crash_debris_0439.jpg
1402,dataset_real,plane_crash_debris,plane_crash_debris_0440.jpg
1403,dataset_real,plane_crash_debris,plane_crash_debris_0441.jpg
1404,dataset_real,plane_crash_debris,plane_crash_debris_0442.jpg
1405,dataset_real,plane_crash_debris,plane_crash_debris_0443.jpg
1406,dataset_real,plane_crash_debris,plane_crash_debris_0444.jpg
1407,dataset_real,plane_crash_debris,plane_crash_debris_0445.jpg
1408,dataset_real,plane_crash_debris,plane_crash_debris_0446.jpg
1409,dataset_real,plane_crash_debris,plane_crash_debris_0447.jpg
1410,dataset_real,plane_crash_debris,plane_crash_debris_0448.jpg
1411,dataset_real,plane_crash_debris,plane_crash_debris_0449.jpg
1412,dataset_real,protest_crowd,protest_crowd_0000.jpg
1413,dataset_real,protest_crowd,protest_crowd_0001.jpg
1414,dataset_real,protest_crowd,protest_crowd_0002.jpg
1415,dataset_real,protest_crowd,protest_crowd_0003.jpg
1416,dataset_real,protest_crowd,protest_crowd_0004.jpg
1417,dataset_real,protest_crowd,protest_crowd_0005.jpg
1418,dataset_real,protest_crowd,protest_crowd_0006.jpg
1419,dataset_real,protest_crowd,protest_crowd_0007.jpg
1420,dataset_real,protest_crowd,protest_crowd_0008.jpg
1421,dataset_real,protest_crowd,protest_crowd_0009.jpg
1422,dataset_real,protest_crowd,protest_crowd_0010.jpg
1423,dataset_real,protest_crowd,protest_crowd_0011.jpg
1424,dataset_real,protest_crowd,protest_crowd_0012.jpg
1425,dataset_real,protest_crowd,protest_crowd_0013.jpg
1426,dataset_real,protest_crowd,protest_crowd_0014.jpg
1427,dataset_real,protest_crowd,protest_crowd_0015.jpg
1428,dataset_real,protest_crowd,protest_crowd_0016.jpg
1429,dataset_real,protest_crowd,protest_crowd_0017.jpg
1430,dataset_real,protest_crowd,protest_crowd_0018.jpg
1431,dataset_real,protest_crowd,protest_crowd_0019.jpg
1432,dataset_real,protest_crowd,protest_crowd_0020.jpg
1433,dataset_real,protest_crowd,protest_crowd_0021.jpg
1434,dataset_real,protest_crowd,protest_crowd_0022.jpg
1435,dataset_real,protest_crowd,protest_crowd_0023.jpg
1436,dataset_real,protest_crowd,protest_crowd_0024.jpg
1437,dataset_real,protest_crowd,protest_crowd_0025.jpg
1438,dataset_real,protest_crowd,protest_crowd_0026.jpg
1439,dataset_real,protest_crowd,protest_crowd_0027.jpg
1440,dataset_real,protest_crowd,protest_crowd_0028.jpg
1441,dataset_real,protest_crowd,protest_crowd_0029.jpg
1442,dataset_real,protest_crowd,protest_crowd_0030.png
1443,dataset_real,protest_crowd,protest_crowd_0031.jpg
1444,dataset_real,protest_crowd,protest_crowd_0032.jpg
1445,dataset_real,protest_crowd,protest_crowd_0033.jpg
1446,dataset_real,protest_crowd,protest_crowd_0034.jpg
1447,dataset_real,protest_crowd,protest_crowd_0035.jpg
1448,dataset_real,protest_crowd,protest_crowd_0036.jpg
1449,dataset_real,protest_crowd,protest_crowd_0037.jpg
1450,dataset_real,protest_crowd,protest_crowd_0038.jpg
1451,dataset_real,protest_crowd,protest_crowd_0039.jpg
1452,dataset_real,protest_crowd,protest_crowd_0040.jpg
1453,dataset_real,protest_crowd,protest_crowd_0041.jpg
1454,dataset_real,protest_crowd,protest_crowd_0042.jpg
1455,dataset_real,protest_crowd,protest_crowd_0043.jpg
1456,dataset_real,protest_crowd,protest_crowd_0044.jpg
1457,dataset_real,protest_crowd,protest_crowd_0045.jpg
1458,dataset_real,protest_crowd,protest_crowd_0046.jpg
1459,dataset_real,protest_crowd,protest_crowd_0047.jpg
1460,dataset_real,protest_crowd,protest_crowd_0048.jpg
1461,dataset_real,protest_crowd,protest_crowd_0049.jpg
1462,dataset_real,protest_crowd,protest_crowd_0050.jpg
1463,dataset_real,protest_crowd,protest_crowd_0051.jpg
1464,dataset_real,protest_crowd,protest_crowd_0052.jpg
1465,dataset_real,protest_crowd,protest_crowd_0053.jpg
1466,dataset_real,protest_crowd,protest_crowd_0054.jpg
1467,dataset_real,protest_crowd,protest_crowd_0055.jpg
1468,dataset_real,protest_crowd,protest_crowd_0056.jpg
1469,dataset_real,protest_crowd,protest_crowd_0057.jpg
1470,dataset_real,protest_crowd,protest_crowd_0058.jpg
1471,dataset_real,protest_crowd,protest_crowd_0059.jpg
1472,dataset_real,protest_crowd,protest_crowd_0060.jpg
1473,dataset_real,protest_crowd,protest_crowd_0061.jpg
1474,dataset_real,protest_crowd,protest_crowd_0062.jpg
1475,dataset_real,protest_crowd,protest_crowd_0063.jpg
1476,dataset_real,protest_crowd,protest_crowd_0064.jpg
1477,dataset_real,protest_crowd,protest_crowd_0065.jpg
1478,dataset_real,protest_crowd,protest_crowd_0066.jpg
1479,dataset_real,protest_crowd,protest_crowd_0067.jpg
1480,dataset_real,protest_crowd,protest_crowd_0068.jpg
1481,dataset_real,protest_crowd,protest_crowd_0069.jpg
1482,dataset_real,protest_crowd,protest_crowd_0070.jpg
1483,dataset_real,protest_crowd,protest_crowd_0071.jpg
1484,dataset_real,protest_crowd,protest_crowd_0072.png
1485,dataset_real,protest_crowd,protest_crowd_0073.jpg
1486,dataset_real,protest_crowd,protest_crowd_0074.jpg
1487,dataset_real,protest_crowd,protest_crowd_0075.jpg
1488,dataset_real,protest_crowd,protest_crowd_0076.jpg
1489,dataset_real,protest_crowd,protest_crowd_0077.jpg
1490,dataset_real,protest_crowd,protest_crowd_0078.jpg
1491,dataset_real,protest_crowd,protest_crowd_0079.jpg
1492,dataset_real,protest_crowd,protest_crowd_0080.jpg
1493,dataset_real,protest_crowd,protest_crowd_0081.jpg
1494,dataset_real,protest_crowd,protest_crowd_0082.jpg
1495,dataset_real,protest_crowd,protest_crowd_0083.jpg
1496,dataset_real,protest_crowd,protest_crowd_0084.jpg
1497,dataset_real,protest_crowd,protest_crowd_0085.jpg
1498,dataset_real,protest_crowd,protest_crowd_0086.jpg
1499,dataset_real,protest_crowd,protest_crowd_0087.jpg
1500,dataset_real,protest_crowd,protest_crowd_0088.jpg
1501,dataset_real,protest_crowd,protest_crowd_0089.jpg
1502,dataset_real,protest_crowd,protest_crowd_0090.jpg
1503,dataset_real,protest_crowd,protest_crowd_0091.jpg
1504,dataset_real,protest_crowd,protest_crowd_0092.jpg
1505,dataset_real,protest_crowd,protest_crowd_0093.jpg
1506,dataset_real,protest_crowd,protest_crowd_0094.jpg
1507,dataset_real,protest_crowd,protest_crowd_0095.jpg
1508,dataset_real,protest_crowd,protest_crowd_0096.jpg
1509,dataset_real,protest_crowd,protest_crowd_0097.jpg
1510,dataset_real,protest_crowd,protest_crowd_0098.jpg
1511,dataset_real,protest_crowd,protest_crowd_0099.jpg
1512,dataset_real,protest_crowd,protest_crowd_0100.jpg
1513,dataset_real,protest_crowd,protest_crowd_0101.jpg
1514,dataset_real,protest_crowd,protest_crowd_0102.jpg
1515,dataset_real,protest_crowd,protest_crowd_0103.jpg
1516,dataset_real,protest_crowd,protest_crowd_0104.jpg
1517,dataset_real,protest_crowd,protest_crowd_0105.jpg
1518,dataset_real,protest_crowd,protest_crowd_0106.jpg
1519,dataset_real,protest_crowd,protest_crowd_0107.jpg
1520,dataset_real,protest_crowd,protest_crowd_0108.jpg
1521,dataset_real,protest_crowd,protest_crowd_0109.jpg
1522,dataset_real,protest_crowd,protest_crowd_0110.jpg
1523,dataset_real,protest_crowd,protest_crowd_0111.jpg
1524,dataset_real,protest_crowd,protest_crowd_0112.jpg
1525,dataset_real,protest_crowd,protest_crowd_0113.jpg
1526,dataset_real,protest_crowd,protest_crowd_0114.jpg
1527,dataset_real,protest_crowd,protest_crowd_0115.jpg
1528,dataset_real,protest_crowd,protest_crowd_0116.jpg
1529,dataset_real,protest_crowd,protest_crowd_0117.jpg
1530,dataset_real,protest_crowd,protest_crowd_0118.jpg
1531,dataset_real,protest_crowd,protest_crowd_0119.jpg
1532,dataset_real,protest_crowd,protest_crowd_0120.jpg
1533,dataset_real,protest_crowd,protest_crowd_0121.jpg
1534,dataset_real,protest_crowd,protest_crowd_0122.jpg
1535,dataset_real,protest_crowd,protest_crowd_0123.jpg
1536,dataset_real,protest_crowd,protest_crowd_0124.jpg
1537,dataset_real,protest_crowd,protest_crowd_0125.jpg
1538,dataset_real,protest_crowd,protest_crowd_0126.jpg
1539,dataset_real,protest_crowd,protest_crowd_0127.png
1540,dataset_real,protest_crowd,protest_crowd_0128.jpg
1541,dataset_real,protest_crowd,protest_crowd_0129.jpg
1542,dataset_real,protest_crowd,protest_crowd_0130.jpg
1543,dataset_real,protest_crowd,protest_crowd_0131.jpg
1544,dataset_real,protest_crowd,protest_crowd_0132.jpg
1545,dataset_real,protest_crowd,protest_crowd_0133.jpg
1546,dataset_real,protest_crowd,protest_crowd_0134.jpg
1547,dataset_real,protest_crowd,protest_crowd_0135.jpg
1548,dataset_real,protest_crowd,protest_crowd_0136.jpg
1549,dataset_real,protest_crowd,protest_crowd_0137.jpg
1550,dataset_real,protest_crowd,protest_crowd_0138.jpg
1551,dataset_real,protest_crowd,protest_crowd_0139.jpg
1552,dataset_real,protest_crowd,protest_crowd_0140.jpg
1553,dataset_real,protest_crowd,protest_crowd_0141.jpg
1554,dataset_real,protest_crowd,protest_crowd_0142.jpg
1555,dataset_real,protest_crowd,protest_crowd_0143.jpg
1556,dataset_real,protest_crowd,protest_crowd_0144.jpg
1557,dataset_real,protest_crowd,protest_crowd_0145.jpg
1558,dataset_real,protest_crowd,protest_crowd_0146.jpg
1559,dataset_real,protest_crowd,protest_crowd_0147.jpg
1560,dataset_real,protest_crowd,protest_crowd_0148.jpg
1561,dataset_real,protest_crowd,protest_crowd_0149.jpg
1562,dataset_real,protest_crowd,protest_crowd_0150.jpg
1563,dataset_real,protest_crowd,protest_crowd_0151.jpg
1564,dataset_real,protest_crowd,protest_crowd_0152.jpg
1565,dataset_real,protest_crowd,protest_crowd_0153.jpg
1566,dataset_real,protest_crowd,protest_crowd_0154.jpg
1567,dataset_real,protest_crowd,protest_crowd_0155.jpg
1568,dataset_real,protest_crowd,protest_crowd_0156.jpg
1569,dataset_real,protest_crowd,protest_crowd_0157.jpg
1570,dataset_real,protest_crowd,protest_crowd_0158.jpg
1571,dataset_real,protest_crowd,protest_crowd_0159.jpg
1572,dataset_real,protest_crowd,protest_crowd_0160.jpg
1573,dataset_real,protest_crowd,protest_crowd_0161.jpg
1574,dataset_real,protest_crowd,protest_crowd_0162.jpg
1575,dataset_real,protest_crowd,protest_crowd_0163.jpg
1576,dataset_real,protest_crowd,protest_crowd_0164.jpg
1577,dataset_real,protest_crowd,protest_crowd_0165.jpg
1578,dataset_real,protest_crowd,protest_crowd_0166.jpg
1579,dataset_real,protest_crowd,protest_crowd_0167.jpg
1580,dataset_real,protest_crowd,protest_crowd_0168.jpg
1581,dataset_real,protest_crowd,protest_crowd_0169.jpg
1582,dataset_real,protest_crowd,protest_crowd_0170.jpg
1583,dataset_real,protest_crowd,protest_crowd_0171.jpg
1584,dataset_real,protest_crowd,protest_crowd_0172.jpg
1585,dataset_real,protest_crowd,protest_crowd_0173.jpg
1586,dataset_real,protest_crowd,protest_crowd_0174.jpg
1587,dataset_real,protest_crowd,protest_crowd_0175.jpg
1588,dataset_real,protest_crowd,protest_crowd_0176.jpg
1589,dataset_real,protest_crowd,protest_crowd_0177.jpg
1590,dataset_real,protest_crowd,protest_crowd_0178.jpg
1591,dataset_real,protest_crowd,protest_crowd_0179.jpg
1592,dataset_real,protest_crowd,protest_crowd_0180.jpg
1593,dataset_real,protest_crowd,protest_crowd_0181.jpg
1594,dataset_real,protest_crowd,protest_crowd_0182.jpg
1595,dataset_real,protest_crowd,protest_crowd_0183.jpg
1596,dataset_real,protest_crowd,protest_crowd_0184.jpg
1597,dataset_real,protest_crowd,protest_crowd_0185.jpg
1598,dataset_real,protest_crowd,protest_crowd_0186.jpg
1599,dataset_real,protest_crowd,protest_crowd_0187.jpg
1600,dataset_real,protest_crowd,protest_crowd_0188.jpg
1601,dataset_real,protest_crowd,protest_crowd_0189.jpg
1602,dataset_real,protest_crowd,protest_crowd_0190.jpg
1603,dataset_real,protest_crowd,protest_crowd_0191.jpg
1604,dataset_real,protest_crowd,protest_crowd_0192.jpg
1605,dataset_real,protest_crowd,protest_crowd_0193.jpg
1606,dataset_real,protest_crowd,protest_crowd_0194.jpg
1607,dataset_real,protest_crowd,protest_crowd_0195.jpg
1608,dataset_real,protest_crowd,protest_crowd_0196.jpg
1609,dataset_real,protest_crowd,protest_crowd_0197.jpg
1610,dataset_real,protest_crowd,protest_crowd_0198.jpg
1611,dataset_real,protest_crowd,protest_crowd_0199.jpg
1612,dataset_real,protest_crowd,protest_crowd_0200.jpg
1613,dataset_real,protest_crowd,protest_crowd_0201.jpg
1614,dataset_real,protest_crowd,protest_crowd_0202.jpg
1615,dataset_real,protest_crowd,protest_crowd_0203.jpg
1616,dataset_real,protest_crowd,protest_crowd_0204.jpg
1617,dataset_real,protest_crowd,protest_crowd_0205.jpg
1618,dataset_real,protest_crowd,protest_crowd_0206.jpg
1619,dataset_real,protest_crowd,protest_crowd_0207.jpg
1620,dataset_real,protest_crowd,protest_crowd_0208.jpg
1621,dataset_real,protest_crowd,protest_crowd_0209.jpg
1622,dataset_real,protest_crowd,protest_crowd_0210.jpg
1623,dataset_real,protest_crowd,protest_crowd_0211.jpg
1624,dataset_real,protest_crowd,protest_crowd_0212.jpg
1625,dataset_real,protest_crowd,protest_crowd_0213.jpg
1626,dataset_real,protest_crowd,protest_crowd_0214.jpg
1627,dataset_real,protest_crowd,protest_crowd_0215.jpg
1628,dataset_real,protest_crowd,protest_crowd_0216.jpg
1629,dataset_real,protest_crowd,protest_crowd_0217.jpg
1630,dataset_real,protest_crowd,protest_crowd_0218.jpg
1631,dataset_real,protest_crowd,protest_crowd_0219.jpg
1632,dataset_real,protest_crowd,protest_crowd_0220.jpg
1633,dataset_real,protest_crowd,protest_crowd_0221.jpg
1634,dataset_real,protest_crowd,protest_crowd_0222.jpg
1635,dataset_real,protest_crowd,protest_crowd_0223.jpg
1636,dataset_real,protest_crowd,protest_crowd_0224.jpg
1637,dataset_real,protest_crowd,protest_crowd_0225.jpg
1638,dataset_real,protest_crowd,protest_crowd_0226.jpg
1639,dataset_real,protest_crowd,protest_crowd_0227.jpg
1640,dataset_real,protest_crowd,protest_crowd_0228.jpg
1641,dataset_real,protest_crowd,protest_crowd_0229.jpg
1642,dataset_real,protest_crowd,protest_crowd_0230.jpg
1643,dataset_real,protest_crowd,protest_crowd_0231.jpg
1644,dataset_real,protest_crowd,protest_crowd_0232.jpg
1645,dataset_real,protest_crowd,protest_crowd_0233.jpg
1646,dataset_real,protest_crowd,protest_crowd_0234.jpg
1647,dataset_real,protest_crowd,protest_crowd_0235.jpg
1648,dataset_real,protest_crowd,protest_crowd_0236.jpg
1649,dataset_real,protest_crowd,protest_crowd_0237.jpg
1650,dataset_real,protest_crowd,protest_crowd_0238.jpg
1651,dataset_real,protest_crowd,protest_crowd_0239.jpg
1652,dataset_real,protest_crowd,protest_crowd_0240.jpg
1653,dataset_real,protest_crowd,protest_crowd_0241.jpg
1654,dataset_real,protest_crowd,protest_crowd_0242.jpg
1655,dataset_real,protest_crowd,protest_crowd_0243.jpg
1656,dataset_real,protest_crowd,protest_crowd_0244.jpg
1657,dataset_real,protest_crowd,protest_crowd_0245.jpg
1658,dataset_real,protest_crowd,protest_crowd_0246.jpg
1659,dataset_real,protest_crowd,protest_crowd_0247.jpg
1660,dataset_real,protest_crowd,protest_crowd_0248.jpg
1661,dataset_real,protest_crowd,protest_crowd_0249.jpg
1662,dataset_real,protest_crowd,protest_crowd_0250.jpg
1663,dataset_real,protest_crowd,protest_crowd_0251.jpg
1664,dataset_real,protest_crowd,protest_crowd_0252.jpg
1665,dataset_real,protest_crowd,protest_crowd_0253.jpg
1666,dataset_real,protest_crowd,protest_crowd_0254.jpg
1667,dataset_real,protest_crowd,protest_crowd_0255.jpg
1668,dataset_real,protest_crowd,protest_crowd_0256.jpg
1669,dataset_real,protest_crowd,protest_crowd_0257.jpg
1670,dataset_real,protest_crowd,protest_crowd_0258.jpg
1671,dataset_real,protest_crowd,protest_crowd_0259.jpg
1672,dataset_real,protest_crowd,protest_crowd_0260.png
1673,dataset_real,protest_crowd,protest_crowd_0261.jpg
1674,dataset_real,protest_crowd,protest_crowd_0262.jpg
1675,dataset_real,protest_crowd,protest_crowd_0263.jpg
1676,dataset_real,protest_crowd,protest_crowd_0264.jpg
1677,dataset_real,protest_crowd,protest_crowd_0265.jpg
1678,dataset_real,protest_crowd,protest_crowd_0266.jpg
1679,dataset_real,protest_crowd,protest_crowd_0267.jpg
1680,dataset_real,protest_crowd,protest_crowd_0268.jpg
1681,dataset_real,protest_crowd,protest_crowd_0269.jpg
1682,dataset_real,protest_crowd,protest_crowd_0270.jpg
1683,dataset_real,protest_crowd,protest_crowd_0271.jpg
1684,dataset_real,protest_crowd,protest_crowd_0272.png
1685,dataset_real,protest_crowd,protest_crowd_0273.jpg
1686,dataset_real,protest_crowd,protest_crowd_0274.jpg
1687,dataset_real,protest_crowd,protest_crowd_0275.jpg
1688,dataset_real,protest_crowd,protest_crowd_0276.jpg
1689,dataset_real,protest_crowd,protest_crowd_0277.jpg
1690,dataset_real,protest_crowd,protest_crowd_0278.jpg
1691,dataset_real,protest_crowd,protest_crowd_0279.jpg
1692,dataset_real,protest_crowd,protest_crowd_0280.jpg
1693,dataset_real,protest_crowd,protest_crowd_0281.jpg
1694,dataset_real,protest_crowd,protest_crowd_0282.jpg
1695,dataset_real,protest_crowd,protest_crowd_0283.jpg
1696,dataset_real,protest_crowd,protest_crowd_0284.jpg
1697,dataset_real,protest_crowd,protest_crowd_0293.jpg
1698,dataset_real,protest_crowd,protest_crowd_0294.jpg
1699,dataset_real,protest_crowd,protest_crowd_0295.jpg
1700,dataset_real,protest_crowd,protest_crowd_0296.jpg
1701,dataset_real,protest_crowd,protest_crowd_0297.jpg
1702,dataset_real,protest_crowd,protest_crowd_0298.jpg
1703,dataset_real,protest_crowd,protest_crowd_0299.jpg
1704,dataset_real,protest_crowd,protest_crowd_0300.jpg
1705,dataset_real,protest_crowd,protest_crowd_0301.jpg
1706,dataset_real,protest_crowd,protest_crowd_0302.jpg
1707,dataset_real,protest_crowd,protest_crowd_0303.jpg
1708,dataset_real,protest_crowd,protest_crowd_0304.jpg
1709,dataset_real,protest_crowd,protest_crowd_0305.jpg
1710,dataset_real,protest_crowd,protest_crowd_0306.jpg
1711,dataset_real,protest_crowd,protest_crowd_0307.jpg
1712,dataset_real,protest_crowd,protest_crowd_0308.jpg
1713,dataset_real,protest_crowd,protest_crowd_0309.jpg
1714,dataset_real,protest_crowd,protest_crowd_0310.jpg
1715,dataset_real,protest_crowd,protest_crowd_0311.jpg
1716,dataset_real,protest_crowd,protest_crowd_0312.jpg
1717,dataset_real,protest_crowd,protest_crowd_0313.jpg
1718,dataset_real,protest_crowd,protest_crowd_0314.jpg
1719,dataset_real,protest_crowd,protest_crowd_0315.jpg
1720,dataset_real,protest_crowd,protest_crowd_0316.jpg
1721,dataset_real,protest_crowd,protest_crowd_0317.jpg
1722,dataset_real,protest_crowd,protest_crowd_0318.jpg
1723,dataset_real,protest_crowd,protest_crowd_0319.jpg
1724,dataset_real,protest_crowd,protest_crowd_0320.jpg
1725,dataset_real,protest_crowd,protest_crowd_0321.jpg
1726,dataset_real,protest_crowd,protest_crowd_0322.jpg
1727,dataset_real,protest_crowd,protest_crowd_0323.jpg
1728,dataset_real,protest_crowd,protest_crowd_0324.jpg
1729,dataset_real,protest_crowd,protest_crowd_0325.jpg
1730,dataset_real,protest_crowd,protest_crowd_0326.jpg
1731,dataset_real,protest_crowd,protest_crowd_0327.jpg
1732,dataset_real,protest_crowd,protest_crowd_0328.jpg
1733,dataset_real,protest_crowd,protest_crowd_0329.jpg
1734,dataset_real,protest_crowd,protest_crowd_0330.jpg
1735,dataset_real,protest_crowd,protest_crowd_0331.jpg
1736,dataset_real,protest_crowd,protest_crowd_0332.jpg
1737,dataset_real,protest_crowd,protest_crowd_0333.jpg
1738,dataset_real,protest_crowd,protest_crowd_0334.jpg
1739,dataset_real,protest_crowd,protest_crowd_0335.jpg
1740,dataset_real,protest_crowd,protest_crowd_0336.jpg
1741,dataset_real,protest_crowd,protest_crowd_0337.jpg
1742,dataset_real,protest_crowd,protest_crowd_0338.jpg
1743,dataset_real,protest_crowd,protest_crowd_0339.jpg
1744,dataset_real,protest_crowd,protest_crowd_0340.jpg
1745,dataset_real,protest_crowd,protest_crowd_0341.jpg
1746,dataset_real,protest_crowd,protest_crowd_0342.jpg
1747,dataset_real,protest_crowd,protest_crowd_0343.jpg
1748,dataset_real,protest_crowd,protest_crowd_0344.png
1749,dataset_real,protest_crowd,protest_crowd_0345.jpg
1750,dataset_real,protest_crowd,protest_crowd_0346.jpg
1751,dataset_real,protest_crowd,protest_crowd_0347.jpg
1752,dataset_real,protest_crowd,protest_crowd_0348.jpg
1753,dataset_real,protest_crowd,protest_crowd_0349.jpg
1754,dataset_real,protest_crowd,protest_crowd_0350.jpg
1755,dataset_real,protest_crowd,protest_crowd_0351.jpg
1756,dataset_real,protest_crowd,protest_crowd_0352.jpg
1757,dataset_real,protest_crowd,protest_crowd_0353.jpg
1758,dataset_real,protest_crowd,protest_crowd_0354.jpg
1759,dataset_real,protest_crowd,protest_crowd_0355.jpg
1760,dataset_real,protest_crowd,protest_crowd_0356.jpg
1761,dataset_real,protest_crowd,protest_crowd_0357.jpg
1762,dataset_real,protest_crowd,protest_crowd_0358.jpg
1763,dataset_real,protest_crowd,protest_crowd_0359.jpg
1764,dataset_real,protest_crowd,protest_crowd_0360.jpg
1765,dataset_real,protest_crowd,protest_crowd_0361.jpg
1766,dataset_real,protest_crowd,protest_crowd_0362.jpg
1767,dataset_real,protest_crowd,protest_crowd_0363.jpg
1768,dataset_real,protest_crowd,protest_crowd_0364.jpg
1769,dataset_real,protest_crowd,protest_crowd_0365.jpg
1770,dataset_real,protest_crowd,protest_crowd_0366.jpg
1771,dataset_real,protest_crowd,protest_crowd_0367.jpg
1772,dataset_real,protest_crowd,protest_crowd_0368.jpg
1773,dataset_real,protest_crowd,protest_crowd_0369.jpg
1774,dataset_real,protest_crowd,protest_crowd_0370.jpg
1775,dataset_real,protest_crowd,protest_crowd_0371.jpg
1776,dataset_real,protest_crowd,protest_crowd_0372.jpg
1777,dataset_real,protest_crowd,protest_crowd_0373.jpg
1778,dataset_real,protest_crowd,protest_crowd_0374.jpg
1779,dataset_real,protest_crowd,protest_crowd_0375.jpg
1780,dataset_real,protest_crowd,protest_crowd_0376.jpg
1781,dataset_real,protest_crowd,protest_crowd_0377.jpg
1782,dataset_real,protest_crowd,protest_crowd_0378.jpg
1783,dataset_real,protest_crowd,protest_crowd_0379.jpg
1784,dataset_real,protest_crowd,protest_crowd_0380.jpg
1785,dataset_real,protest_crowd,protest_crowd_0381.jpg
1786,dataset_real,protest_crowd,protest_crowd_0382.jpg
1787,dataset_real,protest_crowd,protest_crowd_0383.jpg
1788,dataset_real,protest_crowd,protest_crowd_0384.jpg
1789,dataset_real,protest_crowd,protest_crowd_0385.jpg
1790,dataset_real,protest_crowd,protest_crowd_0386.jpg
1791,dataset_real,protest_crowd,protest_crowd_0387.jpg
1792,dataset_real,protest_crowd,protest_crowd_0388.jpg
1793,dataset_real,protest_crowd,protest_crowd_0389.jpg
1794,dataset_real,protest_crowd,protest_crowd_0390.jpg
1795,dataset_real,protest_crowd,protest_crowd_0391.jpg
1796,dataset_real,protest_crowd,protest_crowd_0392.jpg
1797,dataset_real,protest_crowd,protest_crowd_0393.jpg
1798,dataset_real,protest_crowd,protest_crowd_0394.jpg
1799,dataset_real,protest_crowd,protest_crowd_0395.jpg
1800,dataset_real,protest_crowd,protest_crowd_0396.jpg
1801,dataset_real,protest_crowd,protest_crowd_0397.jpg
1802,dataset_real,protest_crowd,protest_crowd_0398.jpg
1803,dataset_real,protest_crowd,protest_crowd_0399.jpg
1804,dataset_real,protest_crowd,protest_crowd_0400.jpg
1805,dataset_real,protest_crowd,protest_crowd_0401.jpg
1806,dataset_real,protest_crowd,protest_crowd_0402.jpg
1807,dataset_real,protest_crowd,protest_crowd_0403.jpg
1808,dataset_real,protest_crowd,protest_crowd_0404.jpg
1809,dataset_real,protest_crowd,protest_crowd_0405.jpg
1810,dataset_real,protest_crowd,protest_crowd_0406.jpg
1811,dataset_real,protest_crowd,protest_crowd_0407.jpg
1812,dataset_real,protest_crowd,protest_crowd_0408.jpg
1813,dataset_real,protest_crowd,protest_crowd_0409.jpg
1814,dataset_real,protest_crowd,protest_crowd_0410.jpg
1815,dataset_real,protest_crowd,protest_crowd_0411.jpg
1816,dataset_real,protest_crowd,protest_crowd_0412.jpg
1817,dataset_real,protest_crowd,protest_crowd_0413.jpg
1818,dataset_real,protest_crowd,protest_crowd_0414.jpg
1819,dataset_real,protest_crowd,protest_crowd_0415.jpg
1820,dataset_real,protest_crowd,protest_crowd_0416.jpg
1821,dataset_real,protest_crowd,protest_crowd_0417.jpg
1822,dataset_real,protest_crowd,protest_crowd_0418.jpg
1823,dataset_real,protest_crowd,protest_crowd_0419.jpg
1824,dataset_real,protest_crowd,protest_crowd_0420.jpg
1825,dataset_real,protest_crowd,protest_crowd_0421.jpg
1826,dataset_real,protest_crowd,protest_crowd_0422.jpg
1827,dataset_real,protest_crowd,protest_crowd_0423.jpg
1828,dataset_real,protest_crowd,protest_crowd_0424.jpg
1829,dataset_real,protest_crowd,protest_crowd_0425.jpg
1830,dataset_real,protest_crowd,protest_crowd_0426.jpg
1831,dataset_real,protest_crowd,protest_crowd_0427.jpg
1832,dataset_real,protest_crowd,protest_crowd_0428.jpg
1833,dataset_real,protest_crowd,protest_crowd_0429.jpg
1834,dataset_real,protest_crowd,protest_crowd_0430.jpg
1835,dataset_real,protest_crowd,protest_crowd_0431.jpg
1836,dataset_real,protest_crowd,protest_crowd_0432.jpg
1837,dataset_real,protest_crowd,protest_crowd_0433.jpg
1838,dataset_real,protest_crowd,protest_crowd_0434.jpg
1839,dataset_real,protest_crowd,protest_crowd_0435.jpg
1840,dataset_real,protest_crowd,protest_crowd_0436.jpg
1841,dataset_real,protest_crowd,protest_crowd_0437.jpg
1842,dataset_real,protest_crowd,protest_crowd_0438.jpg
1843,dataset_real,protest_crowd,protest_crowd_0439.jpg
1844,dataset_real,protest_crowd,protest_crowd_0440.jpg
1845,dataset_real,protest_crowd,protest_crowd_0441.jpg
1846,dataset_real,protest_crowd,protest_crowd_0442.jpg
1847,dataset_real,protest_crowd,protest_crowd_0443.jpg
1848,dataset_real,protest_crowd,protest_crowd_0444.jpg
1849,dataset_real,protest_crowd,protest_crowd_0445.jpg
1850,dataset_real,protest_crowd,protest_crowd_0446.jpg
1851,dataset_real,protest_crowd,protest_crowd_0447.jpg
1852,dataset_real,protest_crowd,protest_crowd_0448.jpg
1853,dataset_real,protest_crowd,protest_crowd_0449.jpg
1854,dataset_real,war_torn_destroyed_building,war_torn_destroyed_building_0001.jpg
1855,dataset_real,war_torn_destroyed_building,war_torn_destroyed_building_0002.jpg
1856,dataset_real,war_torn_destroyed_building,war_torn_destroyed_building_0003.jpg
1857,dataset_real,war_torn_destroyed_building,war_torn_destroyed_building_0004.jpg
1858,dataset_real,war_torn_destroyed_building,war_torn_destroyed_building_0005.jpg
1859,dataset_real,war_torn_destroyed_building,war_torn_destroyed_building_0006.jpg
1860,dataset_real,war_torn_destroyed_building,war_torn_destroyed_building_0007.jpg
1861,dataset_real,war_torn_destroyed_building,war_torn_destroyed_building_0008.jpg
1862,dataset_real,war_torn_destroyed_building,war_torn_destroyed_building_0009.jpg
1863,dataset_real,war_torn_destroyed_building,war_torn_destroyed_building_0010.jpg
1864,dataset_real,war_torn_destroyed_building,war_torn_destroyed_building_0011.jpg
1865,dataset_real,war_torn_destroyed_building,war_torn_destroyed_building_0012.jpg
1866,dataset_real,war_torn_destroyed_building,war_torn_destroyed_building_0017.jpg
1867,dataset_real,war_torn_destroyed_building,war_torn_destroyed_building_0018.jpg
1868,dataset_real,war_torn_destroyed_building,war_torn_destroyed_building_0019.jpg
1869,dataset_real,war_torn_destroyed_building,war_torn_destroyed_building_0020.jpg
1870,dataset_real,war_torn_destroyed_building,war_torn_destroyed_building_0021.jpg
1871,dataset_real,war_torn_destroyed_building,war_torn_destroyed_building_0022.jpg
1872,dataset_real,war_torn_destroyed_building,war_torn_destroyed_building_0023.jpg
1873,dataset_real,war_torn_destroyed_building,war_torn_destroyed_building_0024.jpg
1874,dataset_real,war_torn_destroyed_building,war_torn_destroyed_building_0025.jpg
1875,dataset_real,war_torn_destroyed_building,war_torn_destroyed_building_0026.jpg
1876,dataset_real,war_torn_destroyed_building,war_torn_destroyed_building_0027.jpg
1877,dataset_real,war_torn_destroyed_building,war_torn_destroyed_building_0028.jpg
1878,dataset_real,war_torn_destroyed_building,war_torn_destroyed_building_0030.jpg
1879,dataset_real,war_torn_destroyed_building,war_torn_destroyed_building_0031.jpg
1880,dataset_real,war_torn_destroyed_building,war_torn_destroyed_building_0032.jpg
1881,dataset_real,war_torn_destroyed_building,war_torn_destroyed_building_0033.jpg
1882,dataset_real,war_torn_destroyed_building,war_torn_destroyed_building_0034.jpg
1883,dataset_real,war_torn_destroyed_building,war_torn_destroyed_building_0035.jpg
1884,dataset_real,war_torn_destroyed_building,war_torn_destroyed_building_0036.jpg
1885,dataset_real,war_torn_destroyed_building,war_torn_destroyed_building_0037.jpg
1886,dataset_real,war_torn_destroyed_building,war_torn_destroyed_building_0038.jpg
1887,dataset_real,war_torn_destroyed_building,war_torn_destroyed_building_0040.jpg
1888,dataset_real,war_torn_destroyed_building,war_torn_destroyed_building_0041.jpg
1889,dataset_real,war_torn_destroyed_building,war_torn_destroyed_building_0042.jpg
1890,dataset_real,war_torn_destroyed_building,war_torn_destroyed_building_0043.jpg
1891,dataset_real,war_torn_destroyed_building,war_torn_destroyed_building_0044.jpg
1892,dataset_real,war_torn_destroyed_building,war_torn_destroyed_building_0045.jpg
1893,dataset_real,war_torn_destroyed_building,war_torn_destroyed_building_0046.jpg
1894,dataset_real,war_torn_destroyed_building,war_torn_destroyed_building_0047.jpg
1895,dataset_real,war_torn_destroyed_building,war_torn_destroyed_building_0048.jpg
1896,dataset_real,war_torn_destroyed_building,war_torn_destroyed_building_0049.jpg
1897,dataset_real,war_torn_destroyed_building,war_torn_destroyed_building_0050.jpg
1898,dataset_real,war_torn_destroyed_building,war_torn_destroyed_building_0051.png
1899,dataset_real,war_torn_destroyed_building,war_torn_destroyed_building_0052.jpg
1900,dataset_real,war_torn_destroyed_building,war_torn_destroyed_building_0053.jpg
1901,dataset_real,war_torn_destroyed_building,war_torn_destroyed_building_0054.jpg
1902,dataset_real,war_torn_destroyed_building,war_torn_destroyed_building_0055.jpg
1903,dataset_real,war_torn_destroyed_building,war_torn_destroyed_building_0056.jpg
1904,dataset_real,war_torn_destroyed_building,war_torn_destroyed_building_0057.jpg
1905,dataset_real,war_torn_destroyed_building,war_torn_destroyed_building_0059.jpg
1906,dataset_real,war_torn_destroyed_building,war_torn_destroyed_building_0061.jpg
1907,dataset_real,war_torn_destroyed_building,war_torn_destroyed_building_0062.jpg
1908,dataset_real,war_torn_destroyed_building,war_torn_destroyed_building_0064.jpg
1909,dataset_real,war_torn_destroyed_building,war_torn_destroyed_building_0065.jpg
1910,dataset_real,war_torn_destroyed_building,war_torn_destroyed_building_0069.jpg
1911,dataset_real,war_torn_destroyed_building,war_torn_destroyed_building_0070.jpg
1912,dataset_real,war_torn_destroyed_building,war_torn_destroyed_building_0071.jpg
1913,dataset_real,war_torn_destroyed_building,war_torn_destroyed_building_0072.jpg
1914,dataset_real,war_torn_destroyed_building,war_torn_destroyed_building_0073.jpg
1915,dataset_real,war_torn_destroyed_building,war_torn_destroyed_building_0074.jpg
1916,dataset_real,war_torn_destroyed_building,war_torn_destroyed_building_0075.jpg
1917,dataset_real,war_torn_destroyed_building,war_torn_destroyed_building_0076.jpg
1918,dataset_real,war_torn_destroyed_building,war_torn_destroyed_building_0077.jpg
1919,dataset_real,war_torn_destroyed_building,war_torn_destroyed_building_0078.jpg
1920,dataset_real,war_torn_destroyed_building,war_torn_destroyed_building_0079.jpg
1921,dataset_real,war_torn_destroyed_building,war_torn_destroyed_building_0080.jpg
1922,dataset_real,war_torn_destroyed_building,war_torn_destroyed_building_0081.jpg
1923,dataset_real,war_torn_destroyed_building,war_torn_destroyed_building_0082.jpg
1924,dataset_real,war_torn_destroyed_building,war_torn_destroyed_building_0083.jpg
1925,dataset_real,war_torn_destroyed_building,war_torn_destroyed_building_0084.jpg
1926,dataset_real,war_torn_destroyed_building,war_torn_destroyed_building_0085.jpg
1927,dataset_real,war_torn_destroyed_building,war_torn_destroyed_building_0086.jpg
1928,dataset_real,war_torn_destroyed_building,war_torn_destroyed_building_0087.jpg
1929,dataset_real,war_torn_destroyed_building,war_torn_destroyed_building_0088.jpg
1930,dataset_real,war_torn_destroyed_building,war_torn_destroyed_building_0089.jpg
1931,dataset_real,war_torn_destroyed_building,war_torn_destroyed_building_0090.jpg
1932,dataset_real,war_torn_destroyed_building,war_torn_destroyed_building_0091.jpg
1933,dataset_real,war_torn_destroyed_building,war_torn_destroyed_building_0095.jpg
1934,dataset_real,war_torn_destroyed_building,war_torn_destroyed_building_0096.jpg
1935,dataset_real,war_torn_destroyed_building,war_torn_destroyed_building_0097.jpg
1936,dataset_real,war_torn_destroyed_building,war_torn_destroyed_building_0099.jpg
1937,dataset_real,war_torn_destroyed_building,war_torn_destroyed_building_0100.jpg
1938,dataset_real,war_torn_destroyed_building,war_torn_destroyed_building_0101.jpg
1939,dataset_real,war_torn_destroyed_building,war_torn_destroyed_building_0102.jpg
1940,dataset_real,war_torn_destroyed_building,war_torn_destroyed_building_0103.jpg
1941,dataset_real,war_torn_destroyed_building,war_torn_destroyed_building_0105.jpg
1942,dataset_real,war_torn_destroyed_building,war_torn_destroyed_building_0106.jpg
1943,dataset_real,war_torn_destroyed_building,war_torn_destroyed_building_0107.jpg
1944,dataset_real,war_torn_destroyed_building,war_torn_destroyed_building_0108.jpg
1945,dataset_real,war_torn_destroyed_building,war_torn_destroyed_building_0109.jpg
1946,dataset_real,war_torn_destroyed_building,war_torn_destroyed_building_0110.jpg
1947,dataset_real,war_torn_destroyed_building,war_torn_destroyed_building_0111.jpg
1948,dataset_real,war_torn_destroyed_building,war_torn_destroyed_building_0112.jpg
1949,dataset_real,war_torn_destroyed_building,war_torn_destroyed_building_0113.jpg
1950,dataset_real,war_torn_destroyed_building,war_torn_destroyed_building_0114.jpg
1951,dataset_real,war_torn_destroyed_building,war_torn_destroyed_building_0120.jpg
1952,dataset_real,war_torn_destroyed_building,war_torn_destroyed_building_0121.jpg
1953,dataset_real,war_torn_destroyed_building,war_torn_destroyed_building_0122.jpg
1954,dataset_real,war_torn_destroyed_building,war_torn_destroyed_building_0123.jpg
1955,dataset_real,war_torn_destroyed_building,war_torn_destroyed_building_0124.jpg
1956,dataset_real,war_torn_destroyed_building,war_torn_destroyed_building_0125.jpg
1957,dataset_real,war_torn_destroyed_building,war_torn_destroyed_building_0126.jpg
1958,dataset_real,war_torn_destroyed_building,war_torn_destroyed_building_0127.jpg
1959,dataset_real,war_torn_destroyed_building,war_torn_destroyed_building_0128.jpg
1960,dataset_real,war_torn_destroyed_building,war_torn_destroyed_building_0129.jpg
1961,dataset_real,war_torn_destroyed_building,war_torn_destroyed_building_0130.jpg
1962,dataset_real,war_torn_destroyed_building,war_torn_destroyed_building_0131.jpg
1963,dataset_real,war_torn_destroyed_building,war_torn_destroyed_building_0132.jpg
1964,dataset_real,war_torn_destroyed_building,war_torn_destroyed_building_0133.jpg
1965,dataset_real,war_torn_destroyed_building,war_torn_destroyed_building_0134.jpg
1966,dataset_real,war_torn_destroyed_building,war_torn_destroyed_building_0135.jpg
1967,dataset_real,war_torn_destroyed_building,war_torn_destroyed_building_0136.jpg
1968,dataset_real,war_torn_destroyed_building,war_torn_destroyed_building_0137.jpg
1969,dataset_real,war_torn_destroyed_building,war_torn_destroyed_building_0138.jpg
1970,dataset_real,war_torn_destroyed_building,war_torn_destroyed_building_0139.jpg
1971,dataset_real,war_torn_destroyed_building,war_torn_destroyed_building_0140.jpg
1972,dataset_real,war_torn_destroyed_building,war_torn_destroyed_building_0141.jpg
1973,dataset_real,war_torn_destroyed_building,war_torn_destroyed_building_0142.jpg
1974,dataset_real,war_torn_destroyed_building,war_torn_destroyed_building_0143.jpg
1975,dataset_real,war_torn_destroyed_building,war_torn_destroyed_building_0144.jpg
1976,dataset_real,war_torn_destroyed_building,war_torn_destroyed_building_0145.jpg
1977,dataset_real,war_torn_destroyed_building,war_torn_destroyed_building_0147.jpg
1978,dataset_real,war_torn_destroyed_building,war_torn_destroyed_building_0149.jpg
1979,dataset_real,war_torn_destroyed_building,war_torn_destroyed_building_0150.jpg
1980,dataset_real,war_torn_destroyed_building,war_torn_destroyed_building_0151.jpg
1981,dataset_real,war_torn_destroyed_building,war_torn_destroyed_building_0152.jpg
1982,dataset_real,war_torn_destroyed_building,war_torn_destroyed_building_0153.jpg
1983,dataset_real,war_torn_destroyed_building,war_torn_destroyed_building_0154.jpg
1984,dataset_real,war_torn_destroyed_building,war_torn_destroyed_building_0155.jpg
1985,dataset_real,war_torn_destroyed_building,war_torn_destroyed_building_0156.jpg
1986,dataset_real,war_torn_destroyed_building,war_torn_destroyed_building_0157.jpg
1987,dataset_real,war_torn_destroyed_building,war_torn_destroyed_building_0158.jpg
1988,dataset_real,war_torn_destroyed_building,war_torn_destroyed_building_0159.jpg
1989,dataset_real,war_torn_destroyed_building,war_torn_destroyed_building_0160.jpg
1990,dataset_real,war_torn_destroyed_building,war_torn_destroyed_building_0161.jpg
1991,dataset_real,war_torn_destroyed_building,war_torn_destroyed_building_0162.jpg
1992,dataset_real,war_torn_destroyed_building,war_torn_destroyed_building_0163.jpg
1993,dataset_real,war_torn_destroyed_building,war_torn_destroyed_building_0164.jpg
1994,dataset_real,war_torn_destroyed_building,war_torn_destroyed_building_0167.jpg
1995,dataset_real,war_torn_destroyed_building,war_torn_destroyed_building_0169.jpg
1996,dataset_real,war_torn_destroyed_building,war_torn_destroyed_building_0170.jpg
1997,dataset_real,war_torn_destroyed_building,war_torn_destroyed_building_0172.jpg
1998,dataset_real,war_torn_destroyed_building,war_torn_destroyed_building_0173.jpg
1999,dataset_real,war_torn_destroyed_building,war_torn_destroyed_building_0174.jpg
2000,dataset_real,war_torn_destroyed_building,war_torn_destroyed_building_0175.jpg
2001,dataset_real,war_torn_destroyed_building,war_torn_destroyed_building_0176.png
2002,dataset_real,war_torn_destroyed_building,war_torn_destroyed_building_0177.jpg
2003,dataset_real,war_torn_destroyed_building,war_torn_destroyed_building_0178.jpg
2004,dataset_real,war_torn_destroyed_building,war_torn_destroyed_building_0179.jpg
2005,dataset_real,war_torn_destroyed_building,war_torn_destroyed_building_0180.jpg
2006,dataset_real,war_torn_destroyed_building,war_torn_destroyed_building_0181.jpg
2007,dataset_real,war_torn_destroyed_building,war_torn_destroyed_building_0182.jpg
2008,dataset_real,war_torn_destroyed_building,war_torn_destroyed_building_0183.jpg
2009,dataset_real,war_torn_destroyed_building,war_torn_destroyed_building_0184.jpg
2010,dataset_real,war_torn_destroyed_building,war_torn_destroyed_building_0185.jpg
2011,dataset_real,war_torn_destroyed_building,war_torn_destroyed_building_0186.jpg
2012,dataset_real,war_torn_destroyed_building,war_torn_destroyed_building_0187.jpg
2013,dataset_real,war_torn_destroyed_building,war_torn_destroyed_building_0188.jpg
2014,dataset_real,war_torn_destroyed_building,war_torn_destroyed_building_0190.jpg
2015,dataset_real,war_torn_destroyed_building,war_torn_destroyed_building_0191.jpg
2016,dataset_real,war_torn_destroyed_building,war_torn_destroyed_building_0192.jpg
2017,dataset_real,war_torn_destroyed_building,war_torn_destroyed_building_0193.jpg
2018,dataset_real,war_torn_destroyed_building,war_torn_destroyed_building_0194.jpg
2019,dataset_real,war_torn_destroyed_building,war_torn_destroyed_building_0195.jpg
2020,dataset_real,war_torn_destroyed_building,war_torn_destroyed_building_0196.jpg
2021,dataset_real,war_torn_destroyed_building,war_torn_destroyed_building_0197.jpg
2022,dataset_real,war_torn_destroyed_building,war_torn_destroyed_building_0198.jpg
2023,dataset_real,war_torn_destroyed_building,war_torn_destroyed_building_0199.jpg
2024,dataset_real,war_torn_destroyed_building,war_torn_destroyed_building_0200.jpg
2025,dataset_real,war_torn_destroyed_building,war_torn_destroyed_building_0202.jpg
2026,dataset_real,war_torn_destroyed_building,war_torn_destroyed_building_0203.jpg
2027,dataset_real,war_torn_destroyed_building,war_torn_destroyed_building_0204.jpg
2028,dataset_real,war_torn_destroyed_building,war_torn_destroyed_building_0205.jpg
2029,dataset_real,war_torn_destroyed_building,war_torn_destroyed_building_0206.jpg
2030,dataset_real,war_torn_destroyed_building,war_torn_destroyed_building_0210.jpg
2031,dataset_real,war_torn_destroyed_building,war_torn_destroyed_building_0213.jpg
2032,dataset_real,war_torn_destroyed_building,war_torn_destroyed_building_0214.jpg
2033,dataset_real,war_torn_destroyed_building,war_torn_destroyed_building_0217.jpg
2034,dataset_real,war_torn_destroyed_building,war_torn_destroyed_building_0218.jpg
2035,dataset_real,war_torn_destroyed_building,war_torn_destroyed_building_0219.jpg
2036,dataset_real,war_torn_destroyed_building,war_torn_destroyed_building_0220.jpg
2037,dataset_real,war_torn_destroyed_building,war_torn_destroyed_building_0221.jpg
2038,dataset_real,war_torn_destroyed_building,war_torn_destroyed_building_0222.jpg
2039,dataset_real,war_torn_destroyed_building,war_torn_destroyed_building_0223.png
2040,dataset_real,war_torn_destroyed_building,war_torn_destroyed_building_0224.png
2041,dataset_real,war_torn_destroyed_building,war_torn_destroyed_building_0225.jpg
2042,dataset_real,war_torn_destroyed_building,war_torn_destroyed_building_0226.jpg
2043,dataset_real,war_torn_destroyed_building,war_torn_destroyed_building_0233.jpg
2044,dataset_real,war_torn_destroyed_building,war_torn_destroyed_building_0234.jpg
2045,dataset_real,war_torn_destroyed_building,war_torn_destroyed_building_0235.jpg
2046,dataset_real,war_torn_destroyed_building,war_torn_destroyed_building_0236.jpg
2047,dataset_real,war_torn_destroyed_building,war_torn_destroyed_building_0237.jpg
2048,dataset_real,war_torn_destroyed_building,war_torn_destroyed_building_0238.jpg
2049,dataset_real,war_torn_destroyed_building,war_torn_destroyed_building_0239.jpg
2050,dataset_real,war_torn_destroyed_building,war_torn_destroyed_building_0241.jpg
2051,dataset_real,war_torn_destroyed_building,war_torn_destroyed_building_0242.jpg
2052,dataset_real,war_torn_destroyed_building,war_torn_destroyed_building_0245.jpg
2053,dataset_real,war_torn_destroyed_building,war_torn_destroyed_building_0246.jpg
2054,dataset_real,war_torn_destroyed_building,war_torn_destroyed_building_0248.jpg
2055,dataset_real,war_torn_destroyed_building,war_torn_destroyed_building_0249.jpg
2056,dataset_real,war_torn_destroyed_building,war_torn_destroyed_building_0250.jpg
2057,dataset_real,war_torn_destroyed_building,war_torn_destroyed_building_0251.jpg
2058,dataset_real,war_torn_destroyed_building,war_torn_destroyed_building_0253.jpg
2059,dataset_real,war_torn_destroyed_building,war_torn_destroyed_building_0254.jpg
2060,dataset_real,war_torn_destroyed_building,war_torn_destroyed_building_0255.jpg
2061,dataset_real,war_torn_destroyed_building,war_torn_destroyed_building_0256.jpg
2062,dataset_real,war_torn_destroyed_building,war_torn_destroyed_building_0257.jpg
2063,dataset_real,war_torn_destroyed_building,war_torn_destroyed_building_0258.jpg
2064,dataset_real,war_torn_destroyed_building,war_torn_destroyed_building_0259.jpg
2065,dataset_real,war_torn_destroyed_building,war_torn_destroyed_building_0261.jpg
2066,dataset_real,war_torn_destroyed_building,war_torn_destroyed_building_0262.jpg
2067,dataset_real,war_torn_destroyed_building,war_torn_destroyed_building_0263.jpg
2068,dataset_real,war_torn_destroyed_building,war_torn_destroyed_building_0265.jpg
2069,dataset_real,war_torn_destroyed_building,war_torn_destroyed_building_0266.jpg
2070,dataset_real,war_torn_destroyed_building,war_torn_destroyed_building_0271.jpg
2071,dataset_real,war_torn_destroyed_building,war_torn_destroyed_building_0274.jpg
2072,dataset_real,war_torn_destroyed_building,war_torn_destroyed_building_0275.jpg
2073,dataset_real,war_torn_destroyed_building,war_torn_destroyed_building_0276.jpg
2074,dataset_real,war_torn_destroyed_building,war_torn_destroyed_building_0277.jpg
2075,dataset_real,war_torn_destroyed_building,war_torn_destroyed_building_0278.jpg
2076,dataset_real,war_torn_destroyed_building,war_torn_destroyed_building_0279.jpg
2077,dataset_real,war_torn_destroyed_building,war_torn_destroyed_building_0280.jpg
2078,dataset_real,war_torn_destroyed_building,war_torn_destroyed_building_0281.jpg
2079,dataset_real,war_torn_destroyed_building,war_torn_destroyed_building_0283.jpg
2080,dataset_real,war_torn_destroyed_building,war_torn_destroyed_building_0284.jpg
2081,dataset_real,war_torn_destroyed_building,war_torn_destroyed_building_0286.jpg
2082,dataset_real,war_torn_destroyed_building,war_torn_destroyed_building_0288.jpg
2083,dataset_real,war_torn_destroyed_building,war_torn_destroyed_building_0289.jpg
2084,dataset_real,war_torn_destroyed_building,war_torn_destroyed_building_0290.jpg
2085,dataset_real,war_torn_destroyed_building,war_torn_destroyed_building_0292.jpg
2086,dataset_real,war_torn_destroyed_building,war_torn_destroyed_building_0293.jpg
2087,dataset_real,war_torn_destroyed_building,war_torn_destroyed_building_0294.jpg
2088,dataset_real,war_torn_destroyed_building,war_torn_destroyed_building_0295.jpg
2089,dataset_real,war_torn_destroyed_building,war_torn_destroyed_building_0296.jpg
2090,dataset_real,war_torn_destroyed_building,war_torn_destroyed_building_0298.jpg
2091,dataset_real,war_torn_destroyed_building,war_torn_destroyed_building_0300.jpg
2092,dataset_real,war_torn_destroyed_building,war_torn_destroyed_building_0301.jpg
2093,dataset_real,war_torn_destroyed_building,war_torn_destroyed_building_0304.jpg
2094,dataset_real,war_torn_destroyed_building,war_torn_destroyed_building_0305.jpg
2095,dataset_real,war_torn_destroyed_building,war_torn_destroyed_building_0306.jpg
2096,dataset_real,war_torn_destroyed_building,war_torn_destroyed_building_0313.jpg
2097,dataset_real,war_torn_destroyed_building,war_torn_destroyed_building_0314.jpg
2098,dataset_real,war_torn_destroyed_building,war_torn_destroyed_building_0315.jpg
2099,dataset_real,war_torn_destroyed_building,war_torn_destroyed_building_0317.jpg
2100,dataset_real,war_torn_destroyed_building,war_torn_destroyed_building_0318.jpg
2101,dataset_real,war_torn_destroyed_building,war_torn_destroyed_building_0319.jpg
2102,dataset_real,war_torn_destroyed_building,war_torn_destroyed_building_0320.jpg
2103,dataset_real,war_torn_destroyed_building,war_torn_destroyed_building_0321.jpg
2104,dataset_real,war_torn_destroyed_building,war_torn_destroyed_building_0322.jpg
2105,dataset_real,war_torn_destroyed_building,war_torn_destroyed_building_0323.jpg
2106,dataset_real,war_torn_destroyed_building,war_torn_destroyed_building_0326.jpg
2107,dataset_real,war_torn_destroyed_building,war_torn_destroyed_building_0327.jpg
2108,dataset_real,war_torn_destroyed_building,war_torn_destroyed_building_0328.jpg
2109,dataset_real,war_torn_destroyed_building,war_torn_destroyed_building_0332.jpg
2110,dataset_real,war_torn_destroyed_building,war_torn_destroyed_building_0333.jpg
2111,dataset_real,war_torn_destroyed_building,war_torn_destroyed_building_0334.jpg
2112,dataset_real,war_torn_destroyed_building,war_torn_destroyed_building_0335.jpg
2113,dataset_real,war_torn_destroyed_building,war_torn_destroyed_building_0336.jpg
2114,dataset_real,war_torn_destroyed_building,war_torn_destroyed_building_0337.jpg
2115,dataset_real,war_torn_destroyed_building,war_torn_destroyed_building_0338.jpg
2116,dataset_real,war_torn_destroyed_building,war_torn_destroyed_building_0339.jpg
2117,dataset_real,war_torn_destroyed_building,war_torn_destroyed_building_0340.jpg
2118,dataset_real,war_torn_destroyed_building,war_torn_destroyed_building_0341.jpg
2119,dataset_real,war_torn_destroyed_building,war_torn_destroyed_building_0342.png
2120,dataset_real,war_torn_destroyed_building,war_torn_destroyed_building_0343.jpg
2121,dataset_real,war_torn_destroyed_building,war_torn_destroyed_building_0344.jpg
2122,dataset_real,war_torn_destroyed_building,war_torn_destroyed_building_0345.jpg
2123,dataset_real,war_torn_destroyed_building,war_torn_destroyed_building_0346.jpg
2124,dataset_real,war_torn_destroyed_building,war_torn_destroyed_building_0347.jpg
2125,dataset_real,war_torn_destroyed_building,war_torn_destroyed_building_0348.jpg
2126,dataset_real,war_torn_destroyed_building,war_torn_destroyed_building_0349.jpg
2127,dataset_real,war_torn_destroyed_building,war_torn_destroyed_building_0350.jpg
2128,dataset_real,war_torn_destroyed_building,war_torn_destroyed_building_0351.jpg
2129,dataset_real,war_torn_destroyed_building,war_torn_destroyed_building_0352.jpg
2130,dataset_real,war_torn_destroyed_building,war_torn_destroyed_building_0353.jpg
2131,dataset_real,war_torn_destroyed_building,war_torn_destroyed_building_0354.jpg
2132,dataset_real,war_torn_destroyed_building,war_torn_destroyed_building_0355.jpg
2133,dataset_real,war_torn_destroyed_building,war_torn_destroyed_building_0356.jpg
2134,dataset_real,war_torn_destroyed_building,war_torn_destroyed_building_0357.jpg
2135,dataset_real,war_torn_destroyed_building,war_torn_destroyed_building_0358.jpg
2136,dataset_real,war_torn_destroyed_building,war_torn_destroyed_building_0359.jpg
2137,dataset_real,war_torn_destroyed_building,war_torn_destroyed_building_0360.jpg
2138,dataset_real,war_torn_destroyed_building,war_torn_destroyed_building_0361.jpg
2139,dataset_real,war_torn_destroyed_building,war_torn_destroyed_building_0362.jpg
2140,dataset_real,war_torn_destroyed_building,war_torn_destroyed_building_0363.jpg
2141,dataset_real,war_torn_destroyed_building,war_torn_destroyed_building_0364.jpg
2142,dataset_real,war_torn_destroyed_building,war_torn_destroyed_building_0365.jpg
2143,dataset_real,war_torn_destroyed_building,war_torn_destroyed_building_0366.jpg
2144,dataset_real,war_torn_destroyed_building,war_torn_destroyed_building_0367.jpg
2145,dataset_real,war_torn_destroyed_building,war_torn_destroyed_building_0368.jpg
2146,dataset_real,war_torn_destroyed_building,war_torn_destroyed_building_0369.jpg
2147,dataset_real,war_torn_destroyed_building,war_torn_destroyed_building_0370.jpg
2148,dataset_real,war_torn_destroyed_building,war_torn_destroyed_building_0371.jpg
2149,dataset_real,war_torn_destroyed_building,war_torn_destroyed_building_0372.jpg
2150,dataset_real,war_torn_destroyed_building,war_torn_destroyed_building_0373.jpg
2151,dataset_real,war_torn_destroyed_building,war_torn_destroyed_building_0374.jpg
2152,dataset_real,war_torn_destroyed_building,war_torn_destroyed_building_0375.jpg
2153,dataset_real,war_torn_destroyed_building,war_torn_destroyed_building_0376.jpg
2154,dataset_real,war_torn_destroyed_building,war_torn_destroyed_building_0377.jpg
2155,dataset_real,war_torn_destroyed_building,war_torn_destroyed_building_0378.jpg
2156,dataset_real,war_torn_destroyed_building,war_torn_destroyed_building_0379.jpg
2157,dataset_real,war_torn_destroyed_building,war_torn_destroyed_building_0380.jpg
2158,dataset_real,war_torn_destroyed_building,war_torn_destroyed_building_0381.jpg
2159,dataset_real,war_torn_destroyed_building,war_torn_destroyed_building_0382.jpg
2160,dataset_real,war_torn_destroyed_building,war_torn_destroyed_building_0383.jpg
2161,dataset_real,war_torn_destroyed_building,war_torn_destroyed_building_0384.jpg
2162,dataset_real,war_torn_destroyed_building,war_torn_destroyed_building_0385.jpg
2163,dataset_real,war_torn_destroyed_building,war_torn_destroyed_building_0386.jpg
2164,dataset_real,war_torn_destroyed_building,war_torn_destroyed_building_0387.jpg
2165,dataset_real,war_torn_destroyed_building,war_torn_destroyed_building_0388.jpg
2166,dataset_real,war_torn_destroyed_building,war_torn_destroyed_building_0389.jpg
2167,dataset_real,war_torn_destroyed_building,war_torn_destroyed_building_0390.jpg
2168,dataset_real,war_torn_destroyed_building,war_torn_destroyed_building_0391.jpg
2169,dataset_real,war_torn_destroyed_building,war_torn_destroyed_building_0392.jpg
2170,dataset_real,war_torn_destroyed_building,war_torn_destroyed_building_0393.jpg
2171,dataset_real,war_torn_destroyed_building,war_torn_destroyed_building_0394.jpg
2172,dataset_real,war_torn_destroyed_building,war_torn_destroyed_building_0395.jpg
2173,dataset_real,war_torn_destroyed_building,war_torn_destroyed_building_0396.jpg
2174,dataset_real,war_torn_destroyed_building,war_torn_destroyed_building_0397.jpg
2175,dataset_real,war_torn_destroyed_building,war_torn_destroyed_building_0398.jpg
2176,dataset_real,war_torn_destroyed_building,war_torn_destroyed_building_0399.jpg
2177,dataset_real,war_torn_destroyed_building,war_torn_destroyed_building_0400.jpg
2178,dataset_real,war_torn_destroyed_building,war_torn_destroyed_building_0401.jpg
2179,dataset_real,war_torn_destroyed_building,war_torn_destroyed_building_0402.jpg
2180,dataset_real,war_torn_destroyed_building,war_torn_destroyed_building_0403.jpg
2181,dataset_real,war_torn_destroyed_building,war_torn_destroyed_building_0404.jpg
2182,dataset_real,war_torn_destroyed_building,war_torn_destroyed_building_0405.jpg
2183,dataset_real,war_torn_destroyed_building,war_torn_destroyed_building_0406.jpg
2184,dataset_real,war_torn_destroyed_building,war_torn_destroyed_building_0407.png
2185,dataset_real,war_torn_destroyed_building,war_torn_destroyed_building_0408.jpg
2186,dataset_real,war_torn_destroyed_building,war_torn_destroyed_building_0409.jpg
2187,dataset_real,war_torn_destroyed_building,war_torn_destroyed_building_0410.jpg
2188,dataset_real,war_torn_destroyed_building,war_torn_destroyed_building_0411.jpg
2189,dataset_real,war_torn_destroyed_building,war_torn_destroyed_building_0412.jpg
2190,dataset_real,war_torn_destroyed_building,war_torn_destroyed_building_0413.jpg
2191,dataset_real,war_torn_destroyed_building,war_torn_destroyed_building_0414.jpg
2192,dataset_real,war_torn_destroyed_building,war_torn_destroyed_building_0415.jpg
2193,dataset_real,war_torn_destroyed_building,war_torn_destroyed_building_0416.jpg
2194,dataset_real,war_torn_destroyed_building,war_torn_destroyed_building_0417.jpg
2195,dataset_real,war_torn_destroyed_building,war_torn_destroyed_building_0418.jpg
2196,dataset_real,war_torn_destroyed_building,war_torn_destroyed_building_0419.jpg
2197,dataset_real,war_torn_destroyed_building,war_torn_destroyed_building_0420.jpg
2198,dataset_real,war_torn_destroyed_building,war_torn_destroyed_building_0421.jpg
2199,dataset_real,war_torn_destroyed_building,war_torn_destroyed_building_0422.jpg
2200,dataset_real,war_torn_destroyed_building,war_torn_destroyed_building_0423.jpg
2201,dataset_real,war_torn_destroyed_building,war_torn_destroyed_building_0424.jpg
2202,dataset_real,war_torn_destroyed_building,war_torn_destroyed_building_0425.jpg
2203,dataset_real,war_torn_destroyed_building,war_torn_destroyed_building_0426.jpg
2204,dataset_real,war_torn_destroyed_building,war_torn_destroyed_building_0429.jpg
2205,dataset_real,war_torn_destroyed_building,war_torn_destroyed_building_0430.jpg
2206,dataset_real,war_torn_destroyed_building,war_torn_destroyed_building_0431.jpg
2207,dataset_real,war_torn_destroyed_building,war_torn_destroyed_building_0432.jpg
2208,dataset_real,war_torn_destroyed_building,war_torn_destroyed_building_0433.jpg
2209,dataset_real,war_torn_destroyed_building,war_torn_destroyed_building_0434.jpg
2210,dataset_real,war_torn_destroyed_building,war_torn_destroyed_building_0435.jpg
2211,dataset_real,war_torn_destroyed_building,war_torn_destroyed_building_0436.jpg
2212,dataset_real,war_torn_destroyed_building,war_torn_destroyed_building_0437.jpg
2213,dataset_real,war_torn_destroyed_building,war_torn_destroyed_building_0438.jpg
2214,dataset_real,war_torn_destroyed_building,war_torn_destroyed_building_0439.jpg
2215,dataset_real,war_torn_destroyed_building,war_torn_destroyed_building_0440.jpg
2216,dataset_real,war_torn_destroyed_building,war_torn_destroyed_building_0442.jpg
2217,dataset_real,war_torn_destroyed_building,war_torn_destroyed_building_0443.jpg
2218,dataset_real,war_torn_destroyed_building,war_torn_destroyed_building_0444.jpg
2219,dataset_real,war_torn_destroyed_building,war_torn_destroyed_building_0445.jpg
2220,dataset_real,war_torn_destroyed_building,war_torn_destroyed_building_0446.jpg
2221,dataset_real,war_torn_destroyed_building,war_torn_destroyed_building_0447.jpg
2222,dataset_real,war_torn_destroyed_building,war_torn_destroyed_building_0449.jpg
2223,dataset_real,wildfire,wildfire_0003.jpg
2224,dataset_real,wildfire,wildfire_0004.jpg
2225,dataset_real,wildfire,wildfire_0005.jpg
2226,dataset_real,wildfire,wildfire_0006.jpg
2227,dataset_real,wildfire,wildfire_0007.jpg
2228,dataset_real,wildfire,wildfire_0008.jpg
2229,dataset_real,wildfire,wildfire_0009.jpg
2230,dataset_real,wildfire,wildfire_0010.jpg
2231,dataset_real,wildfire,wildfire_0011.jpg
2232,dataset_real,wildfire,wildfire_0012.jpg
2233,dataset_real,wildfire,wildfire_0013.jpg
2234,dataset_real,wildfire,wildfire_0015.jpg
2235,dataset_real,wildfire,wildfire_0016.jpg
2236,dataset_real,wildfire,wildfire_0017.jpg
2237,dataset_real,wildfire,wildfire_0018.jpg
2238,dataset_real,wildfire,wildfire_0019.jpg
2239,dataset_real,wildfire,wildfire_0020.jpg
2240,dataset_real,wildfire,wildfire_0021.jpg
2241,dataset_real,wildfire,wildfire_0022.jpg
2242,dataset_real,wildfire,wildfire_0024.jpg
2243,dataset_real,wildfire,wildfire_0025.jpg
2244,dataset_real,wildfire,wildfire_0026.jpg
2245,dataset_real,wildfire,wildfire_0027.jpg
2246,dataset_real,wildfire,wildfire_0029.jpg
2247,dataset_real,wildfire,wildfire_0030.jpg
2248,dataset_real,wildfire,wildfire_0031.jpg
2249,dataset_real,wildfire,wildfire_0032.jpg
2250,dataset_real,wildfire,wildfire_0033.jpg
2251,dataset_real,wildfire,wildfire_0036.jpg
2252,dataset_real,wildfire,wildfire_0037.jpg
2253,dataset_real,wildfire,wildfire_0038.jpg
2254,dataset_real,wildfire,wildfire_0039.png
2255,dataset_real,wildfire,wildfire_0040.jpg
2256,dataset_real,wildfire,wildfire_0041.jpg
2257,dataset_real,wildfire,wildfire_0048.jpg
2258,dataset_real,wildfire,wildfire_0049.jpg
2259,dataset_real,wildfire,wildfire_0058.jpg
2260,dataset_real,wildfire,wildfire_0059.jpg
2261,dataset_real,wildfire,wildfire_0060.jpg
2262,dataset_real,wildfire,wildfire_0061.jpg
2263,dataset_real,wildfire,wildfire_0062.jpg
2264,dataset_real,wildfire,wildfire_0063.jpg
2265,dataset_real,wildfire,wildfire_0064.jpg
2266,dataset_real,wildfire,wildfire_0065.jpg
2267,dataset_real,wildfire,wildfire_0066.jpg
2268,dataset_real,wildfire,wildfire_0067.jpg
2269,dataset_real,wildfire,wildfire_0068.jpg
2270,dataset_real,wildfire,wildfire_0069.jpg
2271,dataset_real,wildfire,wildfire_0070.jpg
2272,dataset_real,wildfire,wildfire_0071.jpg
2273,dataset_real,wildfire,wildfire_0072.jpg
2274,dataset_real,wildfire,wildfire_0073.jpg
2275,dataset_real,wildfire,wildfire_0074.jpg
2276,dataset_real,wildfire,wildfire_0075.jpg
2277,dataset_real,wildfire,wildfire_0076.jpg
2278,dataset_real,wildfire,wildfire_0079.jpg
2279,dataset_real,wildfire,wildfire_0080.jpg
2280,dataset_real,wildfire,wildfire_0081.jpg
2281,dataset_real,wildfire,wildfire_0082.jpg
2282,dataset_real,wildfire,wildfire_0083.jpg
2283,dataset_real,wildfire,wildfire_0088.jpg
2284,dataset_real,wildfire,wildfire_0089.jpg
2285,dataset_real,wildfire,wildfire_0093.jpg
2286,dataset_real,wildfire,wildfire_0095.jpg
2287,dataset_real,wildfire,wildfire_0096.jpg
2288,dataset_real,wildfire,wildfire_0097.jpg
2289,dataset_real,wildfire,wildfire_0098.jpg
2290,dataset_real,wildfire,wildfire_0099.jpg
2291,dataset_real,wildfire,wildfire_0100.jpg
2292,dataset_real,wildfire,wildfire_0101.jpg
2293,dataset_real,wildfire,wildfire_0102.jpg
2294,dataset_real,wildfire,wildfire_0103.jpg
2295,dataset_real,wildfire,wildfire_0104.jpg
2296,dataset_real,wildfire,wildfire_0105.jpg
2297,dataset_real,wildfire,wildfire_0106.jpg
2298,dataset_real,wildfire,wildfire_0107.jpg
2299,dataset_real,wildfire,wildfire_0108.jpg
2300,dataset_real,wildfire,wildfire_0109.jpg
2301,dataset_real,wildfire,wildfire_0110.jpg
2302,dataset_real,wildfire,wildfire_0111.jpg
2303,dataset_real,wildfire,wildfire_0112.jpg
2304,dataset_real,wildfire,wildfire_0113.jpg
2305,dataset_real,wildfire,wildfire_0114.jpg
2306,dataset_real,wildfire,wildfire_0115.jpg
2307,dataset_real,wildfire,wildfire_0116.jpg
2308,dataset_real,wildfire,wildfire_0117.jpg
2309,dataset_real,wildfire,wildfire_0118.jpg
2310,dataset_real,wildfire,wildfire_0119.jpg
2311,dataset_real,wildfire,wildfire_0120.jpg
2312,dataset_real,wildfire,wildfire_0121.jpg
2313,dataset_real,wildfire,wildfire_0122.jpg
2314,dataset_real,wildfire,wildfire_0123.jpg
2315,dataset_real,wildfire,wildfire_0124.jpg
2316,dataset_real,wildfire,wildfire_0125.jpg
2317,dataset_real,wildfire,wildfire_0126.jpg
2318,dataset_real,wildfire,wildfire_0127.jpg
2319,dataset_real,wildfire,wildfire_0130.jpg
2320,dataset_real,wildfire,wildfire_0133.jpg
2321,dataset_real,wildfire,wildfire_0134.jpg
2322,dataset_real,wildfire,wildfire_0135.jpg
2323,dataset_real,wildfire,wildfire_0136.jpg
2324,dataset_real,wildfire,wildfire_0137.jpg
2325,dataset_real,wildfire,wildfire_0138.jpg
2326,dataset_real,wildfire,wildfire_0139.jpg
2327,dataset_real,wildfire,wildfire_0140.jpg
2328,dataset_real,wildfire,wildfire_0144.jpg
2329,dataset_real,wildfire,wildfire_0146.jpg
2330,dataset_real,wildfire,wildfire_0147.jpg
2331,dataset_real,wildfire,wildfire_0148.jpg
2332,dataset_real,wildfire,wildfire_0151.jpg
2333,dataset_real,wildfire,wildfire_0152.jpg
2334,dataset_real,wildfire,wildfire_0153.jpg
2335,dataset_real,wildfire,wildfire_0155.jpg
2336,dataset_real,wildfire,wildfire_0156.jpg
2337,dataset_real,wildfire,wildfire_0157.jpg
2338,dataset_real,wildfire,wildfire_0158.jpg
2339,dataset_real,wildfire,wildfire_0159.jpg
2340,dataset_real,wildfire,wildfire_0160.jpg
2341,dataset_real,wildfire,wildfire_0161.jpg
2342,dataset_real,wildfire,wildfire_0162.jpg
2343,dataset_real,wildfire,wildfire_0163.jpg
2344,dataset_real,wildfire,wildfire_0164.jpg
2345,dataset_real,wildfire,wildfire_0168.jpg
2346,dataset_real,wildfire,wildfire_0169.jpg
2347,dataset_real,wildfire,wildfire_0170.jpg
2348,dataset_real,wildfire,wildfire_0171.jpg
2349,dataset_real,wildfire,wildfire_0172.jpg
2350,dataset_real,wildfire,wildfire_0185.jpg
2351,dataset_real,wildfire,wildfire_0186.jpg
2352,dataset_real,wildfire,wildfire_0187.jpg
2353,dataset_real,wildfire,wildfire_0188.jpg
2354,dataset_real,wildfire,wildfire_0189.jpg
2355,dataset_real,wildfire,wildfire_0190.jpg
2356,dataset_real,wildfire,wildfire_0191.jpg
2357,dataset_real,wildfire,wildfire_0192.jpg
2358,dataset_real,wildfire,wildfire_0193.jpg
2359,dataset_real,wildfire,wildfire_0194.jpg
2360,dataset_real,wildfire,wildfire_0195.jpg
2361,dataset_real,wildfire,wildfire_0196.jpg
2362,dataset_real,wildfire,wildfire_0197.jpg
2363,dataset_real,wildfire,wildfire_0199.jpg
2364,dataset_real,wildfire,wildfire_0200.jpg
2365,dataset_real,wildfire,wildfire_0201.jpg
2366,dataset_real,wildfire,wildfire_0202.jpg
2367,dataset_real,wildfire,wildfire_0203.jpg
2368,dataset_real,wildfire,wildfire_0204.jpg
2369,dataset_real,wildfire,wildfire_0205.jpg
2370,dataset_real,wildfire,wildfire_0206.jpg
2371,dataset_real,wildfire,wildfire_0207.jpg
2372,dataset_real,wildfire,wildfire_0208.jpg
2373,dataset_real,wildfire,wildfire_0209.jpg
2374,dataset_real,wildfire,wildfire_0210.jpg
2375,dataset_real,wildfire,wildfire_0211.jpg
2376,dataset_real,wildfire,wildfire_0212.jpg
2377,dataset_real,wildfire,wildfire_0213.jpg
2378,dataset_real,wildfire,wildfire_0214.jpg
2379,dataset_real,wildfire,wildfire_0218.jpg
2380,dataset_real,wildfire,wildfire_0220.jpg
2381,dataset_real,wildfire,wildfire_0225.jpg
2382,dataset_real,wildfire,wildfire_0226.jpg
2383,dataset_real,wildfire,wildfire_0227.jpg
2384,dataset_real,wildfire,wildfire_0228.jpg
2385,dataset_real,wildfire,wildfire_0229.jpg
2386,dataset_real,wildfire,wildfire_0230.png
2387,dataset_real,wildfire,wildfire_0235.jpg
2388,dataset_real,wildfire,wildfire_0236.jpg
2389,dataset_real,wildfire,wildfire_0237.jpg
2390,dataset_real,wildfire,wildfire_0238.jpg
2391,dataset_real,wildfire,wildfire_0239.jpg
2392,dataset_real,wildfire,wildfire_0241.jpg
2393,dataset_real,wildfire,wildfire_0242.jpg
2394,dataset_real,wildfire,wildfire_0243.jpg
2395,dataset_real,wildfire,wildfire_0244.jpg
2396,dataset_real,wildfire,wildfire_0245.jpg
2397,dataset_real,wildfire,wildfire_0246.jpg
2398,dataset_real,wildfire,wildfire_0247.jpg
2399,dataset_real,wildfire,wildfire_0248.jpg
2400,dataset_real,wildfire,wildfire_0249.jpg
2401,dataset_real,wildfire,wildfire_0250.jpg
2402,dataset_real,wildfire,wildfire_0251.png
2403,dataset_real,wildfire,wildfire_0252.jpg
2404,dataset_real,wildfire,wildfire_0253.jpg
2405,dataset_real,wildfire,wildfire_0255.jpg
2406,dataset_real,wildfire,wildfire_0256.jpg
2407,dataset_real,wildfire,wildfire_0257.jpg
2408,dataset_real,wildfire,wildfire_0258.png
2409,dataset_real,wildfire,wildfire_0259.jpg
2410,dataset_real,wildfire,wildfire_0261.jpg
2411,dataset_real,wildfire,wildfire_0262.jpg
2412,dataset_real,wildfire,wildfire_0263.jpg
2413,dataset_real,wildfire,wildfire_0264.jpg
2414,dataset_real,wildfire,wildfire_0265.jpg
2415,dataset_real,wildfire,wildfire_0266.jpg
2416,dataset_real,wildfire,wildfire_0267.jpg
2417,dataset_real,wildfire,wildfire_0268.jpg
2418,dataset_real,wildfire,wildfire_0269.jpg
2419,dataset_real,wildfire,wildfire_0270.jpg
2420,dataset_real,wildfire,wildfire_0271.jpg
2421,dataset_real,wildfire,wildfire_0277.jpg
2422,dataset_real,wildfire,wildfire_0278.jpg
2423,dataset_real,wildfire,wildfire_0279.jpg
2424,dataset_real,wildfire,wildfire_0281.jpg
2425,dataset_real,wildfire,wildfire_0282.jpg
2426,dataset_real,wildfire,wildfire_0283.jpg
2427,dataset_real,wildfire,wildfire_0284.jpg
2428,dataset_real,wildfire,wildfire_0285.jpg
2429,dataset_real,wildfire,wildfire_0286.jpg
2430,dataset_real,wildfire,wildfire_0287.jpg
2431,dataset_real,wildfire,wildfire_0288.jpg
2432,dataset_real,wildfire,wildfire_0289.jpg
2433,dataset_real,wildfire,wildfire_0290.jpg
2434,dataset_real,wildfire,wildfire_0291.jpg
2435,dataset_real,wildfire,wildfire_0293.jpg
2436,dataset_real,wildfire,wildfire_0294.jpg
2437,dataset_real,wildfire,wildfire_0295.jpg
2438,dataset_real,wildfire,wildfire_0296.jpg
2439,dataset_real,wildfire,wildfire_0297.jpg
2440,dataset_real,wildfire,wildfire_0298.jpg
2441,dataset_real,wildfire,wildfire_0299.jpg
2442,dataset_real,wildfire,wildfire_0300.jpg
2443,dataset_real,wildfire,wildfire_0301.jpg
2444,dataset_real,wildfire,wildfire_0302.jpg
2445,dataset_real,wildfire,wildfire_0303.jpg
2446,dataset_real,wildfire,wildfire_0304.jpg
2447,dataset_real,wildfire,wildfire_0305.jpg
2448,dataset_real,wildfire,wildfire_0306.jpg
2449,dataset_real,wildfire,wildfire_0307.jpg
2450,dataset_real,wildfire,wildfire_0308.jpg
2451,dataset_real,wildfire,wildfire_0309.jpg
2452,dataset_real,wildfire,wildfire_0310.jpg
2453,dataset_real,wildfire,wildfire_0312.jpg
2454,dataset_real,wildfire,wildfire_0313.jpg
2455,dataset_real,wildfire,wildfire_0314.jpg
2456,dataset_real,wildfire,wildfire_0315.jpg
2457,dataset_real,wildfire,wildfire_0316.jpg
2458,dataset_real,wildfire,wildfire_0317.jpg
2459,dataset_real,wildfire,wildfire_0318.jpg
2460,dataset_real,wildfire,wildfire_0320.jpg
2461,dataset_real,wildfire,wildfire_0321.jpg
2462,dataset_real,wildfire,wildfire_0322.jpg
2463,dataset_real,wildfire,wildfire_0323.jpg
2464,dataset_real,wildfire,wildfire_0324.jpg
2465,dataset_real,wildfire,wildfire_0325.jpg
2466,dataset_real,wildfire,wildfire_0326.jpg
2467,dataset_real,wildfire,wildfire_0327.jpg
2468,dataset_real,wildfire,wildfire_0328.jpg
2469,dataset_real,wildfire,wildfire_0329.jpg
2470,dataset_real,wildfire,wildfire_0330.jpg
2471,dataset_real,wildfire,wildfire_0331.jpg
2472,dataset_real,wildfire,wildfire_0333.jpg
2473,dataset_real,wildfire,wildfire_0334.png
2474,dataset_real,wildfire,wildfire_0335.png
2475,dataset_real,wildfire,wildfire_0336.jpg
2476,dataset_real,wildfire,wildfire_0337.jpg
2477,dataset_real,wildfire,wildfire_0340.jpg
2478,dataset_real,wildfire,wildfire_0341.jpg
2479,dataset_real,wildfire,wildfire_0342.jpg
2480,dataset_real,wildfire,wildfire_0343.jpg
2481,dataset_real,wildfire,wildfire_0344.jpg
2482,dataset_real,wildfire,wildfire_0345.jpg
2483,dataset_real,wildfire,wildfire_0346.png
2484,dataset_real,wildfire,wildfire_0347.jpg
2485,dataset_real,wildfire,wildfire_0348.jpg
2486,dataset_real,wildfire,wildfire_0349.jpg
2487,dataset_real,wildfire,wildfire_0353.jpg
2488,dataset_real,wildfire,wildfire_0357.jpg
2489,dataset_real,wildfire,wildfire_0358.jpg
2490,dataset_real,wildfire,wildfire_0359.jpg
2491,dataset_real,wildfire,wildfire_0360.jpg
2492,dataset_real,wildfire,wildfire_0361.jpg
2493,dataset_real,wildfire,wildfire_0362.jpg
2494,dataset_real,wildfire,wildfire_0363.jpg
2495,dataset_real,wildfire,wildfire_0364.jpg
2496,dataset_real,wildfire,wildfire_0365.jpg
2497,dataset_real,wildfire,wildfire_0366.jpg
2498,dataset_real,wildfire,wildfire_0367.jpg
2499,dataset_real,wildfire,wildfire_0368.jpg
2500,dataset_real,wildfire,wildfire_0370.jpg
2501,dataset_real,wildfire,wildfire_0371.jpg
2502,dataset_real,wildfire,wildfire_0372.jpg
2503,dataset_real,wildfire,wildfire_0373.jpg
2504,dataset_real,wildfire,wildfire_0374.jpg
2505,dataset_real,wildfire,wildfire_0375.jpg
2506,dataset_real,wildfire,wildfire_0376.jpg
2507,dataset_real,wildfire,wildfire_0377.jpg
2508,dataset_real,wildfire,wildfire_0378.jpg
2509,dataset_real,wildfire,wildfire_0379.jpg
2510,dataset_real,wildfire,wildfire_0380.jpg
2511,dataset_real,wildfire,wildfire_0381.jpg
2512,dataset_real,wildfire,wildfire_0382.jpg
2513,dataset_real,wildfire,wildfire_0383.jpg
2514,dataset_real,wildfire,wildfire_0384.jpg
2515,dataset_real,wildfire,wildfire_0385.jpg
2516,dataset_real,wildfire,wildfire_0386.jpg
2517,dataset_real,wildfire,wildfire_0387.jpg
2518,dataset_real,wildfire,wildfire_0388.jpg
2519,dataset_real,wildfire,wildfire_0389.jpg
2520,dataset_real,wildfire,wildfire_0390.jpg
2521,dataset_real,wildfire,wildfire_0391.jpg
2522,dataset_real,wildfire,wildfire_0392.jpg
2523,dataset_real,wildfire,wildfire_0393.jpg
2524,dataset_real,wildfire,wildfire_0394.jpg
2525,dataset_real,wildfire,wildfire_0395.jpg
2526,dataset_real,wildfire,wildfire_0396.jpg
2527,dataset_real,wildfire,wildfire_0397.jpg
2528,dataset_real,wildfire,wildfire_0398.jpg
2529,dataset_real,wildfire,wildfire_0399.jpg
2530,dataset_real,wildfire,wildfire_0400.jpg
2531,dataset_real,wildfire,wildfire_0401.jpg
2532,dataset_real,wildfire,wildfire_0402.jpg
2533,dataset_real,wildfire,wildfire_0403.jpg
2534,dataset_real,wildfire,wildfire_0404.jpg
2535,dataset_real,wildfire,wildfire_0405.jpg
2536,dataset_real,wildfire,wildfire_0406.jpg
2537,dataset_real,wildfire,wildfire_0407.jpg
2538,dataset_real,wildfire,wildfire_0408.jpg
2539,dataset_real,wildfire,wildfire_0409.jpg
2540,dataset_real,wildfire,wildfire_0410.jpg
2541,dataset_real,wildfire,wildfire_0411.jpg
2542,dataset_real,wildfire,wildfire_0412.jpg
2543,dataset_real,wildfire,wildfire_0413.jpg
2544,dataset_real,wildfire,wildfire_0414.jpg
2545,dataset_real,wildfire,wildfire_0415.jpg
2546,dataset_real,wildfire,wildfire_0416.jpg
2547,dataset_real,wildfire,wildfire_0417.jpg
2548,dataset_real,wildfire,wildfire_0418.jpg
2549,dataset_real,wildfire,wildfire_0419.jpg
2550,dataset_real,wildfire,wildfire_0420.jpg
2551,dataset_real,wildfire,wildfire_0421.jpg
2552,dataset_real,wildfire,wildfire_0422.jpg
2553,dataset_real,wildfire,wildfire_0423.jpg
2554,dataset_real,wildfire,wildfire_0424.jpg
2555,dataset_real,wildfire,wildfire_0425.jpg
2556,dataset_real,wildfire,wildfire_0426.jpg
2557,dataset_real,wildfire,wildfire_0427.jpg
2558,dataset_real,wildfire,wildfire_0428.jpg
2559,dataset_real,wildfire,wildfire_0429.jpg
2560,dataset_real,wildfire,wildfire_0438.jpg
2561,dataset_real,wildfire,wildfire_0439.jpg
2562,dataset_real,wildfire,wildfire_0440.jpg
2563,dataset_real,wildfire,wildfire_0441.jpg
2564,dataset_real,wildfire,wildfire_0442.jpg
2565,dataset_real,wildfire,wildfire_0443.jpg
2566,dataset_real,wildfire,wildfire_0444.jpg
2567,dataset_real,wildfire,wildfire_0445.jpg
2568,dataset_real,wildfire,wildfire_0446.jpg
2569,dataset_real,wildfire,wildfire_0447.jpg
