index,dataset,Topic,Image number
1,datasetV1,documents,documents_0000.png
2,datasetV1,documents,documents_0001.png
3,datasetV1,documents,documents_0003.png
4,datasetV1,documents,documents_0004.png
5,datasetV1,documents,documents_0005.png
6,datasetV1,documents,documents_0006.png
7,datasetV1,documents,documents_0007.png
8,datasetV1,documents,documents_0009.png
9,datasetV1,documents,documents_0010.png
10,datasetV1,documents,documents_0011.png
11,datasetV1,documents,documents_0012.png
12,datasetV1,documents,documents_0014.png
13,datasetV1,documents,documents_0015.png
14,datasetV1,documents,documents_0016.png
15,datasetV1,documents,documents_0017.png
16,datasetV1,documents,documents_0021.png
17,datasetV1,documents,documents_0022.png
18,datasetV1,documents,documents_0023.png
19,datasetV1,documents,documents_0025.png
20,datasetV1,documents,documents_0026.png
21,datasetV1,documents,documents_0027.png
22,datasetV1,documents,documents_0028.png
23,datasetV1,documents,documents_0029.png
24,datasetV1,documents,documents_0030.png
25,datasetV1,documents,documents_0031.png
26,datasetV1,documents,documents_0032.png
27,datasetV1,documents,documents_0033.png
28,datasetV1,documents,documents_0034.png
29,datasetV1,documents,documents_0035.png
30,datasetV1,documents,documents_0036.png
31,datasetV1,documents,documents_0037.png
32,datasetV1,documents,documents_0039.png
33,datasetV1,documents,documents_0040.png
34,datasetV1,documents,documents_0041.png
35,datasetV1,documents,documents_0042.png
36,datasetV1,documents,documents_0043.png
37,datasetV1,documents,documents_0044.png
38,datasetV1,documents,documents_0045.png
39,datasetV1,documents,documents_0046.png
40,datasetV1,documents,documents_0047.png
41,datasetV1,documents,documents_0048.png
42,datasetV1,documents,documents_0049.png
43,datasetV1,documents,documents_0050.png
44,datasetV1,documents,documents_0051.png
45,datasetV1,documents,documents_0052.png
46,datasetV1,documents,documents_0053.png
47,datasetV1,documents,documents_0054.png
48,datasetV1,documents,documents_0055.png
49,datasetV1,documents,documents_0058.png
50,datasetV1,documents,documents_0059.png
51,datasetV1,documents,documents_0060.png
52,datasetV1,documents,documents_0061.png
53,datasetV1,documents,documents_0062.png
54,datasetV1,documents,documents_0063.png
55,datasetV1,documents,documents_0064.png
56,datasetV1,documents,documents_0065.png
57,datasetV1,documents,documents_0066.png
58,datasetV1,documents,documents_0067.png
59,datasetV1,documents,documents_0068.png
60,datasetV1,documents,documents_0069.png
61,datasetV1,documents,documents_0070.png
62,datasetV1,documents,documents_0071.png
63,datasetV1,documents,documents_0072.png
64,datasetV1,documents,documents_0073.png
65,datasetV1,documents,documents_0074.png
66,datasetV1,documents,documents_0075.png
67,datasetV1,documents,documents_0076.png
68,datasetV1,documents,documents_0078.png
69,datasetV1,documents,documents_0079.png
70,datasetV1,documents,documents_0080.png
71,datasetV1,documents,documents_0081.png
72,datasetV1,documents,documents_0082.png
73,datasetV1,documents,documents_0083.png
74,datasetV1,documents,documents_0084.png
75,datasetV1,documents,documents_0085.png
76,datasetV1,documents,documents_0086.png
77,datasetV1,documents,documents_0087.png
78,datasetV1,documents,documents_0088.png
79,datasetV1,documents,documents_0089.png
80,datasetV1,documents,documents_0090.png
81,datasetV1,documents,documents_0091.png
82,datasetV1,documents,documents_0092.png
83,datasetV1,documents,documents_0093.png
84,datasetV1,documents,documents_0094.png
85,datasetV1,documents,documents_0095.png
86,datasetV1,documents,documents_0096.png
87,datasetV1,documents,documents_0097.png
88,datasetV1,documents,documents_0099.png
89,datasetV1,documents,documents_0100.png
90,datasetV1,documents,documents_0101.png
91,datasetV1,documents,documents_0102.png
92,datasetV1,documents,documents_0103.png
93,datasetV1,documents,documents_0105.png
94,datasetV1,documents,documents_0106.png
95,datasetV1,documents,documents_0107.png
96,datasetV1,documents,documents_0108.png
97,datasetV1,documents,documents_0109.png
98,datasetV1,documents,documents_0110.png
99,datasetV1,documents,documents_0111.png
100,datasetV1,documents,documents_0112.png
101,datasetV1,documents,documents_0113.png
102,datasetV1,documents,documents_0114.png
103,datasetV1,documents,documents_0115.png
104,datasetV1,documents,documents_0116.png
105,datasetV1,documents,documents_0117.png
106,datasetV1,documents,documents_0120.png
107,datasetV1,documents,documents_0121.png
108,datasetV1,documents,documents_0122.png
109,datasetV1,documents,documents_0123.png
110,datasetV1,documents,documents_0124.png
111,datasetV1,documents,documents_0126.png
112,datasetV1,documents,documents_0127.png
113,datasetV1,documents,documents_0128.png
114,datasetV1,documents,documents_0129.png
115,datasetV1,documents,documents_0130.png
116,datasetV1,documents,documents_0131.png
117,datasetV1,documents,documents_0132.png
118,datasetV1,documents,documents_0133.png
119,datasetV1,documents,documents_0134.png
120,datasetV1,documents,documents_0135.png
121,datasetV1,documents,documents_0136.png
122,datasetV1,documents,documents_0137.png
123,datasetV1,documents,documents_0138.png
124,datasetV1,documents,documents_0139.png
125,datasetV1,documents,documents_0140.png
126,datasetV1,documents,documents_0141.png
127,datasetV1,documents,documents_0142.png
128,datasetV1,documents,documents_0143.png
129,datasetV1,documents,documents_0144.png
130,datasetV1,documents,documents_0145.png
131,datasetV1,documents,documents_0146.png
132,datasetV1,documents,documents_0147.png
133,datasetV1,documents,documents_0148.png
134,datasetV1,documents,documents_0149.png
135,datasetV1,fake_news,fake_news_0001.png
136,datasetV1,fake_news,fake_news_0002.png
137,datasetV1,fake_news,fake_news_0003.png
138,datasetV1,fake_news,fake_news_0004.png
139,datasetV1,fake_news,fake_news_0005.png
140,datasetV1,fake_news,fake_news_0006.png
141,datasetV1,fake_news,fake_news_0007.png
142,datasetV1,fake_news,fake_news_0008.png
143,datasetV1,fake_news,fake_news_0009.png
144,datasetV1,fake_news,fake_news_0010.png
145,datasetV1,fake_news,fake_news_0011.png
146,datasetV1,fake_news,fake_news_0012.png
147,datasetV1,fake_news,fake_news_0013.png
148,datasetV1,fake_news,fake_news_0014.png
149,datasetV1,fake_news,fake_news_0015.png
150,datasetV1,fake_news,fake_news_0016.png
151,datasetV1,fake_news,fake_news_0017.png
152,datasetV1,fake_news,fake_news_0018.png
153,datasetV1,fake_news,fake_news_0019.png
154,datasetV1,fake_news,fake_news_0021.png
155,datasetV1,fake_news,fake_news_0023.png
156,datasetV1,fake_news,fake_news_0025.png
157,datasetV1,fake_news,fake_news_0026.png
158,datasetV1,fake_news,fake_news_0028.png
159,datasetV1,fake_news,fake_news_0032.png
160,datasetV1,fake_news,fake_news_0033.png
161,datasetV1,fake_news,fake_news_0036.png
162,datasetV1,fake_news,fake_news_0037.png
163,datasetV1,fake_news,fake_news_0039.png
164,datasetV1,fake_news,fake_news_0041.png
165,datasetV1,fake_news,fake_news_0043.png
166,datasetV1,fake_news,fake_news_0044.png
167,datasetV1,fake_news,fake_news_0045.png
168,datasetV1,fake_news,fake_news_0046.png
169,datasetV1,fake_news,fake_news_0047.png
170,datasetV1,fake_news,fake_news_0048.png
171,datasetV1,fake_news,fake_news_0049.png
172,datasetV1,fake_news,fake_news_0050.png
173,datasetV1,fake_news,fake_news_0051.png
174,datasetV1,fake_news,fake_news_0052.png
175,datasetV1,fake_news,fake_news_0053.png
176,datasetV1,fake_news,fake_news_0054.png
177,datasetV1,fake_news,fake_news_0055.png
178,datasetV1,fake_news,fake_news_0056.png
179,datasetV1,fake_news,fake_news_0058.png
180,datasetV1,fake_news,fake_news_0062.png
181,datasetV1,fake_news,fake_news_0063.png
182,datasetV1,fake_news,fake_news_0064.png
183,datasetV1,fake_news,fake_news_0066.png
184,datasetV1,fake_news,fake_news_0068.png
185,datasetV1,fake_news,fake_news_0069.png
186,datasetV1,fake_news,fake_news_0070.png
187,datasetV1,fake_news,fake_news_0071.png
188,datasetV1,fake_news,fake_news_0072.png
189,datasetV1,fake_news,fake_news_0073.png
190,datasetV1,fake_news,fake_news_0074.png
191,datasetV1,fake_news,fake_news_0075.png
192,datasetV1,fake_news,fake_news_0076.png
193,datasetV1,fake_news,fake_news_0077.png
194,datasetV1,fake_news,fake_news_0078.png
195,datasetV1,fake_news,fake_news_0079.png
196,datasetV1,fake_news,fake_news_0080.png
197,datasetV1,fake_news,fake_news_0082.png
198,datasetV1,fake_news,fake_news_0083.png
199,datasetV1,fake_news,fake_news_0085.png
200,datasetV1,fake_news,fake_news_0087.png
201,datasetV1,fake_news,fake_news_0088.png
202,datasetV1,fake_news,fake_news_0089.png
203,datasetV1,fake_news,fake_news_0091.png
204,datasetV1,fake_news,fake_news_0092.png
205,datasetV1,fake_news,fake_news_0094.png
206,datasetV1,fake_news,fake_news_0095.png
207,datasetV1,fake_news,fake_news_0096.png
208,datasetV1,fake_news,fake_news_0097.png
209,datasetV1,fake_news,fake_news_0098.png
210,datasetV1,fake_news,fake_news_0099.png
211,datasetV1,fake_news,fake_news_0103.png
212,datasetV1,fake_news,fake_news_0106.png
213,datasetV1,fake_news,fake_news_0109.png
214,datasetV1,fake_news,fake_news_0110.png
215,datasetV1,fake_news,fake_news_0111.png
216,datasetV1,fake_news,fake_news_0112.png
217,datasetV1,fake_news,fake_news_0113.png
218,datasetV1,fake_news,fake_news_0114.png
219,datasetV1,fake_news,fake_news_0115.png
220,datasetV1,fake_news,fake_news_0116.png
221,datasetV1,fake_news,fake_news_0117.png
222,datasetV1,fake_news,fake_news_0119.png
223,datasetV1,fake_news,fake_news_0120.png
224,datasetV1,fake_news,fake_news_0121.png
225,datasetV1,fake_news,fake_news_0122.png
226,datasetV1,fake_news,fake_news_0124.png
227,datasetV1,fake_news,fake_news_0125.png
228,datasetV1,fake_news,fake_news_0126.png
229,datasetV1,fake_news,fake_news_0128.png
230,datasetV1,fake_news,fake_news_0129.png
231,datasetV1,fake_news,fake_news_0130.png
232,datasetV1,fake_news,fake_news_0131.png
233,datasetV1,fake_news,fake_news_0132.png
234,datasetV1,fake_news,fake_news_0133.png
235,datasetV1,fake_news,fake_news_0134.png
236,datasetV1,fake_news,fake_news_0135.png
237,datasetV1,fake_news,fake_news_0136.png
238,datasetV1,fake_news,fake_news_0137.png
239,datasetV1,fake_news,fake_news_0138.png
240,datasetV1,fake_news,fake_news_0139.png
241,datasetV1,fake_news,fake_news_0141.png
242,datasetV1,fake_news,fake_news_0142.png
243,datasetV1,fake_news,fake_news_0144.png
244,datasetV1,fake_news,fake_news_0145.png
245,datasetV1,fake_news,fake_news_0146.png
246,datasetV1,flood,flood_0000.png
247,datasetV1,flood,flood_0001.png
248,datasetV1,flood,flood_0002.png
249,datasetV1,flood,flood_0003.png
250,datasetV1,flood,flood_0004.png
251,datasetV1,flood,flood_0005.png
252,datasetV1,flood,flood_0006.png
253,datasetV1,flood,flood_0007.png
254,datasetV1,flood,flood_0008.png
255,datasetV1,flood,flood_0009.png
256,datasetV1,flood,flood_0010.png
257,datasetV1,flood,flood_0011.png
258,datasetV1,flood,flood_0012.png
259,datasetV1,flood,flood_0013.png
260,datasetV1,flood,flood_0014.png
261,datasetV1,flood,flood_0015.png
262,datasetV1,flood,flood_0016.png
263,datasetV1,flood,flood_0017.png
264,datasetV1,flood,flood_0018.png
265,datasetV1,flood,flood_0019.png
266,datasetV1,flood,flood_0020.png
267,datasetV1,flood,flood_0021.png
268,datasetV1,flood,flood_0023.png
269,datasetV1,flood,flood_0024.png
270,datasetV1,flood,flood_0025.png
271,datasetV1,flood,flood_0026.png
272,datasetV1,flood,flood_0028.png
273,datasetV1,flood,flood_0029.png
274,datasetV1,flood,flood_0030.png
275,datasetV1,flood,flood_0031.png
276,datasetV1,flood,flood_0032.png
277,datasetV1,flood,flood_0033.png
278,datasetV1,flood,flood_0034.png
279,datasetV1,flood,flood_0035.png
280,datasetV1,flood,flood_0036.png
281,datasetV1,flood,flood_0037.png
282,datasetV1,flood,flood_0038.png
283,datasetV1,flood,flood_0039.png
284,datasetV1,flood,flood_0040.png
285,datasetV1,flood,flood_0041.png
286,datasetV1,flood,flood_0042.png
287,datasetV1,flood,flood_0043.png
288,datasetV1,flood,flood_0044.png
289,datasetV1,flood,flood_0045.png
290,datasetV1,flood,flood_0046.png
291,datasetV1,flood,flood_0047.png
292,datasetV1,flood,flood_0048.png
293,datasetV1,flood,flood_0049.png
294,datasetV1,flood,flood_0050.png
295,datasetV1,flood,flood_0051.png
296,datasetV1,flood,flood_0052.png
297,datasetV1,flood,flood_0053.png
298,datasetV1,flood,flood_0054.png
299,datasetV1,flood,flood_0055.png
300,datasetV1,flood,flood_0056.png
301,datasetV1,flood,flood_0057.png
302,datasetV1,flood,flood_0058.png
303,datasetV1,flood,flood_0059.png
304,datasetV1,flood,flood_0060.png
305,datasetV1,flood,flood_0061.png
306,datasetV1,flood,flood_0062.png
307,datasetV1,flood,flood_0065.png
308,datasetV1,flood,flood_0066.png
309,datasetV1,flood,flood_0067.png
310,datasetV1,flood,flood_0068.png
311,datasetV1,flood,flood_0069.png
312,datasetV1,flood,flood_0070.png
313,datasetV1,flood,flood_0071.png
314,datasetV1,flood,flood_0072.png
315,datasetV1,flood,flood_0073.png
316,datasetV1,flood,flood_0074.png
317,datasetV1,flood,flood_0075.png
318,datasetV1,flood,flood_0076.png
319,datasetV1,flood,flood_0077.png
320,datasetV1,flood,flood_0078.png
321,datasetV1,flood,flood_0079.png
322,datasetV1,flood,flood_0080.png
323,datasetV1,flood,flood_0081.png
324,datasetV1,flood,flood_0083.png
325,datasetV1,flood,flood_0084.png
326,datasetV1,flood,flood_0085.png
327,datasetV1,flood,flood_0086.png
328,datasetV1,flood,flood_0087.png
329,datasetV1,flood,flood_0088.png
330,datasetV1,flood,flood_0089.png
331,datasetV1,flood,flood_0090.png
332,datasetV1,flood,flood_0091.png
333,datasetV1,flood,flood_0092.png
334,datasetV1,flood,flood_0093.png
335,datasetV1,flood,flood_0094.png
336,datasetV1,flood,flood_0095.png
337,datasetV1,flood,flood_0096.png
338,datasetV1,flood,flood_0097.png
339,datasetV1,flood,flood_0098.png
340,datasetV1,flood,flood_0099.png
341,datasetV1,flood,flood_0100.png
342,datasetV1,flood,flood_0101.png
343,datasetV1,flood,flood_0102.png
344,datasetV1,flood,flood_0103.png
345,datasetV1,flood,flood_0105.png
346,datasetV1,flood,flood_0106.png
347,datasetV1,flood,flood_0107.png
348,datasetV1,flood,flood_0108.png
349,datasetV1,flood,flood_0109.png
350,datasetV1,flood,flood_0110.png
351,datasetV1,flood,flood_0111.png
352,datasetV1,flood,flood_0112.png
353,datasetV1,flood,flood_0113.png
354,datasetV1,flood,flood_0114.png
355,datasetV1,flood,flood_0115.png
356,datasetV1,flood,flood_0116.png
357,datasetV1,flood,flood_0117.png
358,datasetV1,flood,flood_0118.png
359,datasetV1,flood,flood_0119.png
360,datasetV1,flood,flood_0120.png
361,datasetV1,flood,flood_0121.png
362,datasetV1,flood,flood_0122.png
363,datasetV1,flood,flood_0123.png
364,datasetV1,flood,flood_0124.png
365,datasetV1,flood,flood_0125.png
366,datasetV1,flood,flood_0126.png
367,datasetV1,flood,flood_0127.png
368,datasetV1,flood,flood_0128.png
369,datasetV1,flood,flood_0129.png
370,datasetV1,flood,flood_0130.png
371,datasetV1,flood,flood_0131.png
372,datasetV1,flood,flood_0132.png
373,datasetV1,flood,flood_0133.png
374,datasetV1,flood,flood_0134.png
375,datasetV1,flood,flood_0135.png
376,datasetV1,flood,flood_0136.png
377,datasetV1,flood,flood_0137.png
378,datasetV1,flood,flood_0138.png
379,datasetV1,flood,flood_0139.png
380,datasetV1,flood,flood_0141.png
381,datasetV1,flood,flood_0142.png
382,datasetV1,flood,flood_0143.png
383,datasetV1,flood,flood_0145.png
384,datasetV1,flood,flood_0147.png
385,datasetV1,flood,flood_0148.png
386,datasetV1,flood,flood_0149.png
387,datasetV1,memes,memes_0000.png
388,datasetV1,memes,memes_0001.png
389,datasetV1,memes,memes_0002.png
390,datasetV1,memes,memes_0005.png
391,datasetV1,memes,memes_0006.png
392,datasetV1,memes,memes_0007.png
393,datasetV1,memes,memes_0008.png
394,datasetV1,memes,memes_0009.png
395,datasetV1,memes,memes_0010.png
396,datasetV1,memes,memes_0011.png
397,datasetV1,memes,memes_0012.png
398,datasetV1,memes,memes_0014.png
399,datasetV1,memes,memes_0016.png
400,datasetV1,memes,memes_0017.png
401,datasetV1,memes,memes_0018.png
402,datasetV1,memes,memes_0019.png
403,datasetV1,memes,memes_0021.png
404,datasetV1,memes,memes_0022.png
405,datasetV1,memes,memes_0023.png
406,datasetV1,memes,memes_0024.png
407,datasetV1,memes,memes_0025.png
408,datasetV1,memes,memes_0026.png
409,datasetV1,memes,memes_0027.png
410,datasetV1,memes,memes_0028.png
411,datasetV1,memes,memes_0029.png
412,datasetV1,memes,memes_0030.png
413,datasetV1,memes,memes_0031.png
414,datasetV1,memes,memes_0033.png
415,datasetV1,memes,memes_0034.png
416,datasetV1,memes,memes_0035.png
417,datasetV1,memes,memes_0036.png
418,datasetV1,memes,memes_0037.png
419,datasetV1,memes,memes_0038.png
420,datasetV1,memes,memes_0039.png
421,datasetV1,memes,memes_0041.png
422,datasetV1,memes,memes_0042.png
423,datasetV1,memes,memes_0043.png
424,datasetV1,memes,memes_0044.png
425,datasetV1,memes,memes_0045.png
426,datasetV1,memes,memes_0046.png
427,datasetV1,memes,memes_0047.png
428,datasetV1,memes,memes_0048.png
429,datasetV1,memes,memes_0049.png
430,datasetV1,memes,memes_0050.png
431,datasetV1,memes,memes_0051.png
432,datasetV1,memes,memes_0052.png
433,datasetV1,memes,memes_0054.png
434,datasetV1,memes,memes_0055.png
435,datasetV1,memes,memes_0056.png
436,datasetV1,memes,memes_0057.png
437,datasetV1,memes,memes_0059.png
438,datasetV1,memes,memes_0061.png
439,datasetV1,memes,memes_0062.png
440,datasetV1,memes,memes_0063.png
441,datasetV1,memes,memes_0064.png
442,datasetV1,memes,memes_0066.png
443,datasetV1,memes,memes_0067.png
444,datasetV1,memes,memes_0068.png
445,datasetV1,memes,memes_0069.png
446,datasetV1,memes,memes_0070.png
447,datasetV1,memes,memes_0071.png
448,datasetV1,memes,memes_0073.png
449,datasetV1,memes,memes_0074.png
450,datasetV1,memes,memes_0075.png
451,datasetV1,memes,memes_0076.png
452,datasetV1,memes,memes_0077.png
453,datasetV1,memes,memes_0078.png
454,datasetV1,memes,memes_0079.png
455,datasetV1,memes,memes_0080.png
456,datasetV1,memes,memes_0081.png
457,datasetV1,memes,memes_0082.png
458,datasetV1,memes,memes_0083.png
459,datasetV1,memes,memes_0084.png
460,datasetV1,memes,memes_0085.png
461,datasetV1,memes,memes_0086.png
462,datasetV1,memes,memes_0087.png
463,datasetV1,memes,memes_0088.png
464,datasetV1,memes,memes_0089.png
465,datasetV1,memes,memes_0090.png
466,datasetV1,memes,memes_0091.png
467,datasetV1,memes,memes_0092.png
468,datasetV1,memes,memes_0093.png
469,datasetV1,memes,memes_0094.png
470,datasetV1,memes,memes_0095.png
471,datasetV1,memes,memes_0096.png
472,datasetV1,memes,memes_0097.png
473,datasetV1,memes,memes_0099.png
474,datasetV1,memes,memes_0100.png
475,datasetV1,memes,memes_0101.png
476,datasetV1,memes,memes_0102.png
477,datasetV1,memes,memes_0103.png
478,datasetV1,memes,memes_0105.png
479,datasetV1,memes,memes_0106.png
480,datasetV1,memes,memes_0107.png
481,datasetV1,memes,memes_0110.png
482,datasetV1,memes,memes_0111.png
483,datasetV1,memes,memes_0112.png
484,datasetV1,memes,memes_0113.png
485,datasetV1,memes,memes_0114.png
486,datasetV1,memes,memes_0115.png
487,datasetV1,memes,memes_0116.png
488,datasetV1,memes,memes_0117.png
489,datasetV1,memes,memes_0118.png
490,datasetV1,memes,memes_0119.png
491,datasetV1,memes,memes_0120.png
492,datasetV1,memes,memes_0122.png
493,datasetV1,memes,memes_0123.png
494,datasetV1,memes,memes_0124.png
495,datasetV1,memes,memes_0125.png
496,datasetV1,memes,memes_0127.png
497,datasetV1,memes,memes_0128.png
498,datasetV1,memes,memes_0129.png
499,datasetV1,memes,memes_0130.png
500,datasetV1,memes,memes_0132.png
501,datasetV1,memes,memes_0133.png
502,datasetV1,memes,memes_0134.png
503,datasetV1,memes,memes_0135.png
504,datasetV1,memes,memes_0136.png
505,datasetV1,memes,memes_0137.png
506,datasetV1,memes,memes_0138.png
507,datasetV1,memes,memes_0139.png
508,datasetV1,memes,memes_0141.png
509,datasetV1,memes,memes_0143.png
510,datasetV1,memes,memes_0144.png
511,datasetV1,memes,memes_0145.png
512,datasetV1,memes,memes_0146.png
513,datasetV1,memes,memes_0147.png
514,datasetV1,memes,memes_0148.png
515,datasetV1,memes,memes_0149.png
516,datasetV1,plane_crash_debris,plane_crash_debris_0000.png
517,datasetV1,plane_crash_debris,plane_crash_debris_0001.png
518,datasetV1,plane_crash_debris,plane_crash_debris_0002.png
519,datasetV1,plane_crash_debris,plane_crash_debris_0003.png
520,datasetV1,plane_crash_debris,plane_crash_debris_0004.png
521,datasetV1,plane_crash_debris,plane_crash_debris_0005.png
522,datasetV1,plane_crash_debris,plane_crash_debris_0006.png
523,datasetV1,plane_crash_debris,plane_crash_debris_0007.png
524,datasetV1,plane_crash_debris,plane_crash_debris_0008.png
525,datasetV1,plane_crash_debris,plane_crash_debris_0009.png
526,datasetV1,plane_crash_debris,plane_crash_debris_0010.png
527,datasetV1,plane_crash_debris,plane_crash_debris_0011.png
528,datasetV1,plane_crash_debris,plane_crash_debris_0012.png
529,datasetV1,plane_crash_debris,plane_crash_debris_0013.png
530,datasetV1,plane_crash_debris,plane_crash_debris_0014.png
531,datasetV1,plane_crash_debris,plane_crash_debris_0015.png
532,datasetV1,plane_crash_debris,plane_crash_debris_0016.png
533,datasetV1,plane_crash_debris,plane_crash_debris_0017.png
534,datasetV1,plane_crash_debris,plane_crash_debris_0018.png
535,datasetV1,plane_crash_debris,plane_crash_debris_0019.png
536,datasetV1,plane_crash_debris,plane_crash_debris_0020.png
537,datasetV1,plane_crash_debris,plane_crash_debris_0021.png
538,datasetV1,plane_crash_debris,plane_crash_debris_0022.png
539,datasetV1,plane_crash_debris,plane_crash_debris_0023.png
540,datasetV1,plane_crash_debris,plane_crash_debris_0024.png
541,datasetV1,plane_crash_debris,plane_crash_debris_0025.png
542,datasetV1,plane_crash_debris,plane_crash_debris_0026.png
543,datasetV1,plane_crash_debris,plane_crash_debris_0027.png
544,datasetV1,plane_crash_debris,plane_crash_debris_0028.png
545,datasetV1,plane_crash_debris,plane_crash_debris_0029.png
546,datasetV1,plane_crash_debris,plane_crash_debris_0030.png
547,datasetV1,plane_crash_debris,plane_crash_debris_0031.png
548,datasetV1,plane_crash_debris,plane_crash_debris_0032.png
549,datasetV1,plane_crash_debris,plane_crash_debris_0033.png
550,datasetV1,plane_crash_debris,plane_crash_debris_0034.png
551,datasetV1,plane_crash_debris,plane_crash_debris_0035.png
552,datasetV1,plane_crash_debris,plane_crash_debris_0036.png
553,datasetV1,plane_crash_debris,plane_crash_debris_0037.png
554,datasetV1,plane_crash_debris,plane_crash_debris_0038.png
555,datasetV1,plane_crash_debris,plane_crash_debris_0039.png
556,datasetV1,plane_crash_debris,plane_crash_debris_0040.png
557,datasetV1,plane_crash_debris,plane_crash_debris_0041.png
558,datasetV1,plane_crash_debris,plane_crash_debris_0042.png
559,datasetV1,plane_crash_debris,plane_crash_debris_0043.png
560,datasetV1,plane_crash_debris,plane_crash_debris_0044.png
561,datasetV1,plane_crash_debris,plane_crash_debris_0045.png
562,datasetV1,plane_crash_debris,plane_crash_debris_0046.png
563,datasetV1,plane_crash_debris,plane_crash_debris_0047.png
564,datasetV1,plane_crash_debris,plane_crash_debris_0048.png
565,datasetV1,plane_crash_debris,plane_crash_debris_0049.png
566,datasetV1,plane_crash_debris,plane_crash_debris_0050.png
567,datasetV1,plane_crash_debris,plane_crash_debris_0051.png
568,datasetV1,plane_crash_debris,plane_crash_debris_0052.png
569,datasetV1,plane_crash_debris,plane_crash_debris_0053.png
570,datasetV1,plane_crash_debris,plane_crash_debris_0054.png
571,datasetV1,plane_crash_debris,plane_crash_debris_0055.png
572,datasetV1,plane_crash_debris,plane_crash_debris_0056.png
573,datasetV1,plane_crash_debris,plane_crash_debris_0057.png
574,datasetV1,plane_crash_debris,plane_crash_debris_0058.png
575,datasetV1,plane_crash_debris,plane_crash_debris_0059.png
576,datasetV1,plane_crash_debris,plane_crash_debris_0060.png
577,datasetV1,plane_crash_debris,plane_crash_debris_0061.png
578,datasetV1,plane_crash_debris,plane_crash_debris_0062.png
579,datasetV1,plane_crash_debris,plane_crash_debris_0063.png
580,datasetV1,plane_crash_debris,plane_crash_debris_0064.png
581,datasetV1,plane_crash_debris,plane_crash_debris_0065.png
582,datasetV1,plane_crash_debris,plane_crash_debris_0066.png
583,datasetV1,plane_crash_debris,plane_crash_debris_0067.png
584,datasetV1,plane_crash_debris,plane_crash_debris_0068.png
585,datasetV1,plane_crash_debris,plane_crash_debris_0069.png
586,datasetV1,plane_crash_debris,plane_crash_debris_0070.png
587,datasetV1,plane_crash_debris,plane_crash_debris_0071.png
588,datasetV1,plane_crash_debris,plane_crash_debris_0072.png
589,datasetV1,plane_crash_debris,plane_crash_debris_0073.png
590,datasetV1,plane_crash_debris,plane_crash_debris_0074.png
591,datasetV1,plane_crash_debris,plane_crash_debris_0075.png
592,datasetV1,plane_crash_debris,plane_crash_debris_0076.png
593,datasetV1,plane_crash_debris,plane_crash_debris_0077.png
594,datasetV1,plane_crash_debris,plane_crash_debris_0078.png
595,datasetV1,plane_crash_debris,plane_crash_debris_0079.png
596,datasetV1,plane_crash_debris,plane_crash_debris_0080.png
597,datasetV1,plane_crash_debris,plane_crash_debris_0081.png
598,datasetV1,plane_crash_debris,plane_crash_debris_0082.png
599,datasetV1,plane_crash_debris,plane_crash_debris_0083.png
600,datasetV1,plane_crash_debris,plane_crash_debris_0084.png
601,datasetV1,plane_crash_debris,plane_crash_debris_0085.png
602,datasetV1,plane_crash_debris,plane_crash_debris_0086.png
603,datasetV1,plane_crash_debris,plane_crash_debris_0087.png
604,datasetV1,plane_crash_debris,plane_crash_debris_0088.png
605,datasetV1,plane_crash_debris,plane_crash_debris_0089.png
606,datasetV1,plane_crash_debris,plane_crash_debris_0090.png
607,datasetV1,plane_crash_debris,plane_crash_debris_0091.png
608,datasetV1,plane_crash_debris,plane_crash_debris_0092.png
609,datasetV1,plane_crash_debris,plane_crash_debris_0093.png
610,datasetV1,plane_crash_debris,plane_crash_debris_0094.png
611,datasetV1,plane_crash_debris,plane_crash_debris_0095.png
612,datasetV1,plane_crash_debris,plane_crash_debris_0096.png
613,datasetV1,plane_crash_debris,plane_crash_debris_0097.png
614,datasetV1,plane_crash_debris,plane_crash_debris_0098.png
615,datasetV1,plane_crash_debris,plane_crash_debris_0099.png
616,datasetV1,plane_crash_debris,plane_crash_debris_0100.png
617,datasetV1,plane_crash_debris,plane_crash_debris_0101.png
618,datasetV1,plane_crash_debris,plane_crash_debris_0102.png
619,datasetV1,plane_crash_debris,plane_crash_debris_0103.png
620,datasetV1,plane_crash_debris,plane_crash_debris_0104.png
621,datasetV1,plane_crash_debris,plane_crash_debris_0105.png
622,datasetV1,plane_crash_debris,plane_crash_debris_0106.png
623,datasetV1,plane_crash_debris,plane_crash_debris_0107.png
624,datasetV1,plane_crash_debris,plane_crash_debris_0108.png
625,datasetV1,plane_crash_debris,plane_crash_debris_0109.png
626,datasetV1,plane_crash_debris,plane_crash_debris_0110.png
627,datasetV1,plane_crash_debris,plane_crash_debris_0111.png
628,datasetV1,plane_crash_debris,plane_crash_debris_0112.png
629,datasetV1,plane_crash_debris,plane_crash_debris_0113.png
630,datasetV1,plane_crash_debris,plane_crash_debris_0114.png
631,datasetV1,plane_crash_debris,plane_crash_debris_0115.png
632,datasetV1,plane_crash_debris,plane_crash_debris_0116.png
633,datasetV1,plane_crash_debris,plane_crash_debris_0117.png
634,datasetV1,plane_crash_debris,plane_crash_debris_0118.png
635,datasetV1,plane_crash_debris,plane_crash_debris_0119.png
636,datasetV1,plane_crash_debris,plane_crash_debris_0120.png
637,datasetV1,plane_crash_debris,plane_crash_debris_0121.png
638,datasetV1,plane_crash_debris,plane_crash_debris_0122.png
639,datasetV1,plane_crash_debris,plane_crash_debris_0123.png
640,datasetV1,plane_crash_debris,plane_crash_debris_0124.png
641,datasetV1,plane_crash_debris,plane_crash_debris_0125.png
642,datasetV1,plane_crash_debris,plane_crash_debris_0126.png
643,datasetV1,plane_crash_debris,plane_crash_debris_0127.png
644,datasetV1,plane_crash_debris,plane_crash_debris_0128.png
645,datasetV1,plane_crash_debris,plane_crash_debris_0129.png
646,datasetV1,plane_crash_debris,plane_crash_debris_0130.png
647,datasetV1,plane_crash_debris,plane_crash_debris_0131.png
648,datasetV1,plane_crash_debris,plane_crash_debris_0132.png
649,datasetV1,plane_crash_debris,plane_crash_debris_0133.png
650,datasetV1,plane_crash_debris,plane_crash_debris_0134.png
651,datasetV1,plane_crash_debris,plane_crash_debris_0135.png
652,datasetV1,plane_crash_debris,plane_crash_debris_0136.png
653,datasetV1,plane_crash_debris,plane_crash_debris_0137.png
654,datasetV1,plane_crash_debris,plane_crash_debris_0138.png
655,datasetV1,plane_crash_debris,plane_crash_debris_0139.png
656,datasetV1,plane_crash_debris,plane_crash_debris_0140.png
657,datasetV1,plane_crash_debris,plane_crash_debris_0141.png
658,datasetV1,plane_crash_debris,plane_crash_debris_0142.png
659,datasetV1,plane_crash_debris,plane_crash_debris_0143.png
660,datasetV1,plane_crash_debris,plane_crash_debris_0144.png
661,datasetV1,plane_crash_debris,plane_crash_debris_0145.png
662,datasetV1,plane_crash_debris,plane_crash_debris_0146.png
663,datasetV1,plane_crash_debris,plane_crash_debris_0147.png
664,datasetV1,plane_crash_debris,plane_crash_debris_0148.png
665,datasetV1,plane_crash_debris,plane_crash_debris_0149.png
666,datasetV1,protest_crowd,protest_crowd_0001.png
667,datasetV1,protest_crowd,protest_crowd_0003.png
668,datasetV1,protest_crowd,protest_crowd_0004.png
669,datasetV1,protest_crowd,protest_crowd_0006.png
670,datasetV1,protest_crowd,protest_crowd_0007.png
671,datasetV1,protest_crowd,protest_crowd_0008.png
672,datasetV1,protest_crowd,protest_crowd_0009.png
673,datasetV1,protest_crowd,protest_crowd_0010.png
674,datasetV1,protest_crowd,protest_crowd_0011.png
675,datasetV1,protest_crowd,protest_crowd_0012.png
676,datasetV1,protest_crowd,protest_crowd_0013.png
677,datasetV1,protest_crowd,protest_crowd_0014.png
678,datasetV1,protest_crowd,protest_crowd_0015.png
679,datasetV1,protest_crowd,protest_crowd_0016.png
680,datasetV1,protest_crowd,protest_crowd_0017.png
681,datasetV1,protest_crowd,protest_crowd_0018.png
682,datasetV1,protest_crowd,protest_crowd_0019.png
683,datasetV1,protest_crowd,protest_crowd_0020.png
684,datasetV1,protest_crowd,protest_crowd_0021.png
685,datasetV1,protest_crowd,protest_crowd_0022.png
686,datasetV1,protest_crowd,protest_crowd_0023.png
687,datasetV1,protest_crowd,protest_crowd_0024.png
688,datasetV1,protest_crowd,protest_crowd_0025.png
689,datasetV1,protest_crowd,protest_crowd_0026.png
690,datasetV1,protest_crowd,protest_crowd_0027.png
691,datasetV1,protest_crowd,protest_crowd_0029.png
692,datasetV1,protest_crowd,protest_crowd_0030.png
693,datasetV1,protest_crowd,protest_crowd_0031.png
694,datasetV1,protest_crowd,protest_crowd_0032.png
695,datasetV1,protest_crowd,protest_crowd_0033.png
696,datasetV1,protest_crowd,protest_crowd_0034.png
697,datasetV1,protest_crowd,protest_crowd_0035.png
698,datasetV1,protest_crowd,protest_crowd_0037.png
699,datasetV1,protest_crowd,protest_crowd_0038.png
700,datasetV1,protest_crowd,protest_crowd_0039.png
701,datasetV1,protest_crowd,protest_crowd_0041.png
702,datasetV1,protest_crowd,protest_crowd_0042.png
703,datasetV1,protest_crowd,protest_crowd_0043.png
704,datasetV1,protest_crowd,protest_crowd_0045.png
705,datasetV1,protest_crowd,protest_crowd_0046.png
706,datasetV1,protest_crowd,protest_crowd_0047.png
707,datasetV1,protest_crowd,protest_crowd_0049.png
708,datasetV1,protest_crowd,protest_crowd_0053.png
709,datasetV1,protest_crowd,protest_crowd_0055.png
710,datasetV1,protest_crowd,protest_crowd_0056.png
711,datasetV1,protest_crowd,protest_crowd_0059.png
712,datasetV1,protest_crowd,protest_crowd_0061.png
713,datasetV1,protest_crowd,protest_crowd_0062.png
714,datasetV1,protest_crowd,protest_crowd_0063.png
715,datasetV1,protest_crowd,protest_crowd_0066.png
716,datasetV1,protest_crowd,protest_crowd_0068.png
717,datasetV1,protest_crowd,protest_crowd_0069.png
718,datasetV1,protest_crowd,protest_crowd_0070.png
719,datasetV1,protest_crowd,protest_crowd_0071.png
720,datasetV1,protest_crowd,protest_crowd_0074.png
721,datasetV1,protest_crowd,protest_crowd_0075.png
722,datasetV1,protest_crowd,protest_crowd_0076.png
723,datasetV1,protest_crowd,protest_crowd_0077.png
724,datasetV1,protest_crowd,protest_crowd_0078.png
725,datasetV1,protest_crowd,protest_crowd_0079.png
726,datasetV1,protest_crowd,protest_crowd_0080.png
727,datasetV1,protest_crowd,protest_crowd_0081.png
728,datasetV1,protest_crowd,protest_crowd_0082.png
729,datasetV1,protest_crowd,protest_crowd_0083.png
730,datasetV1,protest_crowd,protest_crowd_0084.png
731,datasetV1,protest_crowd,protest_crowd_0085.png
732,datasetV1,protest_crowd,protest_crowd_0086.png
733,datasetV1,protest_crowd,protest_crowd_0087.png
734,datasetV1,protest_crowd,protest_crowd_0089.png
735,datasetV1,protest_crowd,protest_crowd_0090.png
736,datasetV1,protest_crowd,protest_crowd_0091.png
737,datasetV1,protest_crowd,protest_crowd_0092.png
738,datasetV1,protest_crowd,protest_crowd_0093.png
739,datasetV1,protest_crowd,protest_crowd_0095.png
740,datasetV1,protest_crowd,protest_crowd_0096.png
741,datasetV1,protest_crowd,protest_crowd_0097.png
742,datasetV1,protest_crowd,protest_crowd_0098.png
743,datasetV1,protest_crowd,protest_crowd_0099.png
744,datasetV1,protest_crowd,protest_crowd_0101.png
745,datasetV1,protest_crowd,protest_crowd_0102.png
746,datasetV1,protest_crowd,protest_crowd_0103.png
747,datasetV1,protest_crowd,protest_crowd_0104.png
748,datasetV1,protest_crowd,protest_crowd_0105.png
749,datasetV1,protest_crowd,protest_crowd_0106.png
750,datasetV1,protest_crowd,protest_crowd_0107.png
751,datasetV1,protest_crowd,protest_crowd_0108.png
752,datasetV1,protest_crowd,protest_crowd_0109.png
753,datasetV1,protest_crowd,protest_crowd_0110.png
754,datasetV1,protest_crowd,protest_crowd_0111.png
755,datasetV1,protest_crowd,protest_crowd_0112.png
756,datasetV1,protest_crowd,protest_crowd_0113.png
757,datasetV1,protest_crowd,protest_crowd_0114.png
758,datasetV1,protest_crowd,protest_crowd_0115.png
759,datasetV1,protest_crowd,protest_crowd_0116.png
760,datasetV1,protest_crowd,protest_crowd_0117.png
761,datasetV1,protest_crowd,protest_crowd_0118.png
762,datasetV1,protest_crowd,protest_crowd_0119.png
763,datasetV1,protest_crowd,protest_crowd_0120.png
764,datasetV1,protest_crowd,protest_crowd_0122.png
765,datasetV1,protest_crowd,protest_crowd_0123.png
766,datasetV1,protest_crowd,protest_crowd_0125.png
767,datasetV1,protest_crowd,protest_crowd_0126.png
768,datasetV1,protest_crowd,protest_crowd_0127.png
769,datasetV1,protest_crowd,protest_crowd_0128.png
770,datasetV1,protest_crowd,protest_crowd_0129.png
771,datasetV1,protest_crowd,protest_crowd_0132.png
772,datasetV1,protest_crowd,protest_crowd_0133.png
773,datasetV1,protest_crowd,protest_crowd_0135.png
774,datasetV1,protest_crowd,protest_crowd_0137.png
775,datasetV1,protest_crowd,protest_crowd_0139.png
776,datasetV1,protest_crowd,protest_crowd_0140.png
777,datasetV1,protest_crowd,protest_crowd_0143.png
778,datasetV1,protest_crowd,protest_crowd_0146.png
779,datasetV1,protest_crowd,protest_crowd_0148.png
780,datasetV1,protest_crowd,protest_crowd_0149.png
781,datasetV1,war_torn_destroyed_buildings,war_torn_destroyed_buildings_0000.png
782,datasetV1,war_torn_destroyed_buildings,war_torn_destroyed_buildings_0001.png
783,datasetV1,war_torn_destroyed_buildings,war_torn_destroyed_buildings_0002.png
784,datasetV1,war_torn_destroyed_buildings,war_torn_destroyed_buildings_0003.png
785,datasetV1,war_torn_destroyed_buildings,war_torn_destroyed_buildings_0004.png
786,datasetV1,war_torn_destroyed_buildings,war_torn_destroyed_buildings_0005.png
787,datasetV1,war_torn_destroyed_buildings,war_torn_destroyed_buildings_0006.png
788,datasetV1,war_torn_destroyed_buildings,war_torn_destroyed_buildings_0007.png
789,datasetV1,war_torn_destroyed_buildings,war_torn_destroyed_buildings_0008.png
790,datasetV1,war_torn_destroyed_buildings,war_torn_destroyed_buildings_0009.png
791,datasetV1,war_torn_destroyed_buildings,war_torn_destroyed_buildings_0010.png
792,datasetV1,war_torn_destroyed_buildings,war_torn_destroyed_buildings_0011.png
793,datasetV1,war_torn_destroyed_buildings,war_torn_destroyed_buildings_0012.png
794,datasetV1,war_torn_destroyed_buildings,war_torn_destroyed_buildings_0013.png
795,datasetV1,war_torn_destroyed_buildings,war_torn_destroyed_buildings_0014.png
796,datasetV1,war_torn_destroyed_buildings,war_torn_destroyed_buildings_0015.png
797,datasetV1,war_torn_destroyed_buildings,war_torn_destroyed_buildings_0016.png
798,datasetV1,war_torn_destroyed_buildings,war_torn_destroyed_buildings_0017.png
799,datasetV1,war_torn_destroyed_buildings,war_torn_destroyed_buildings_0018.png
800,datasetV1,war_torn_destroyed_buildings,war_torn_destroyed_buildings_0019.png
801,datasetV1,war_torn_destroyed_buildings,war_torn_destroyed_buildings_0020.png
802,datasetV1,war_torn_destroyed_buildings,war_torn_destroyed_buildings_0021.png
803,datasetV1,war_torn_destroyed_buildings,war_torn_destroyed_buildings_0022.png
804,datasetV1,war_torn_destroyed_buildings,war_torn_destroyed_buildings_0023.png
805,datasetV1,war_torn_destroyed_buildings,war_torn_destroyed_buildings_0024.png
806,datasetV1,war_torn_destroyed_buildings,war_torn_destroyed_buildings_0025.png
807,datasetV1,war_torn_destroyed_buildings,war_torn_destroyed_buildings_0026.png
808,datasetV1,war_torn_destroyed_buildings,war_torn_destroyed_buildings_0027.png
809,datasetV1,war_torn_destroyed_buildings,war_torn_destroyed_buildings_0028.png
810,datasetV1,war_torn_destroyed_buildings,war_torn_destroyed_buildings_0029.png
811,datasetV1,war_torn_destroyed_buildings,war_torn_destroyed_buildings_0030.png
812,datasetV1,war_torn_destroyed_buildings,war_torn_destroyed_buildings_0031.png
813,datasetV1,war_torn_destroyed_buildings,war_torn_destroyed_buildings_0032.png
814,datasetV1,war_torn_destroyed_buildings,war_torn_destroyed_buildings_0033.png
815,datasetV1,war_torn_destroyed_buildings,war_torn_destroyed_buildings_0034.png
816,datasetV1,war_torn_destroyed_buildings,war_torn_destroyed_buildings_0035.png
817,datasetV1,war_torn_destroyed_buildings,war_torn_destroyed_buildings_0036.png
818,datasetV1,war_torn_destroyed_buildings,war_torn_destroyed_buildings_0037.png
819,datasetV1,war_torn_destroyed_buildings,war_torn_destroyed_buildings_0038.png
820,datasetV1,war_torn_destroyed_buildings,war_torn_destroyed_buildings_0039.png
821,datasetV1,war_torn_destroyed_buildings,war_torn_destroyed_buildings_0040.png
822,datasetV1,war_torn_destroyed_buildings,war_torn_destroyed_buildings_0042.png
823,datasetV1,war_torn_destroyed_buildings,war_torn_destroyed_buildings_0043.png
824,datasetV1,war_torn_destroyed_buildings,war_torn_destroyed_buildings_0044.png
825,datasetV1,war_torn_destroyed_buildings,war_torn_destroyed_buildings_0046.png
826,datasetV1,war_torn_destroyed_buildings,war_torn_destroyed_buildings_0047.png
827,datasetV1,war_torn_destroyed_buildings,war_torn_destroyed_buildings_0048.png
828,datasetV1,war_torn_destroyed_buildings,war_torn_destroyed_buildings_0049.png
829,datasetV1,war_torn_destroyed_buildings,war_torn_destroyed_buildings_0050.png
830,datasetV1,war_torn_destroyed_buildings,war_torn_destroyed_buildings_0051.png
831,datasetV1,war_torn_destroyed_buildings,war_torn_destroyed_buildings_0052.png
832,datasetV1,war_torn_destroyed_buildings,war_torn_destroyed_buildings_0053.png
833,datasetV1,war_torn_destroyed_buildings,war_torn_destroyed_buildings_0054.png
834,datasetV1,war_torn_destroyed_buildings,war_torn_destroyed_buildings_0056.png
835,datasetV1,war_torn_destroyed_buildings,war_torn_destroyed_buildings_0057.png
836,datasetV1,war_torn_destroyed_buildings,war_torn_destroyed_buildings_0058.png
837,datasetV1,war_torn_destroyed_buildings,war_torn_destroyed_buildings_0059.png
838,datasetV1,war_torn_destroyed_buildings,war_torn_destroyed_buildings_0060.png
839,datasetV1,war_torn_destroyed_buildings,war_torn_destroyed_buildings_0061.png
840,datasetV1,war_torn_destroyed_buildings,war_torn_destroyed_buildings_0062.png
841,datasetV1,war_torn_destroyed_buildings,war_torn_destroyed_buildings_0063.png
842,datasetV1,war_torn_destroyed_buildings,war_torn_destroyed_buildings_0064.png
843,datasetV1,war_torn_destroyed_buildings,war_torn_destroyed_buildings_0065.png
844,datasetV1,war_torn_destroyed_buildings,war_torn_destroyed_buildings_0066.png
845,datasetV1,war_torn_destroyed_buildings,war_torn_destroyed_buildings_0067.png
846,datasetV1,war_torn_destroyed_buildings,war_torn_destroyed_buildings_0068.png
847,datasetV1,war_torn_destroyed_buildings,war_torn_destroyed_buildings_0069.png
848,datasetV1,war_torn_destroyed_buildings,war_torn_destroyed_buildings_0070.png
849,datasetV1,war_torn_destroyed_buildings,war_torn_destroyed_buildings_0071.png
850,datasetV1,war_torn_destroyed_buildings,war_torn_destroyed_buildings_0072.png
851,datasetV1,war_torn_destroyed_buildings,war_torn_destroyed_buildings_0073.png
852,datasetV1,war_torn_destroyed_buildings,war_torn_destroyed_buildings_0074.png
853,datasetV1,war_torn_destroyed_buildings,war_torn_destroyed_buildings_0075.png
854,datasetV1,war_torn_destroyed_buildings,war_torn_destroyed_buildings_0076.png
855,datasetV1,war_torn_destroyed_buildings,war_torn_destroyed_buildings_0077.png
856,datasetV1,war_torn_destroyed_buildings,war_torn_destroyed_buildings_0078.png
857,datasetV1,war_torn_destroyed_buildings,war_torn_destroyed_buildings_0079.png
858,datasetV1,war_torn_destroyed_buildings,war_torn_destroyed_buildings_0080.png
859,datasetV1,war_torn_destroyed_buildings,war_torn_destroyed_buildings_0081.png
860,datasetV1,war_torn_destroyed_buildings,war_torn_destroyed_buildings_0082.png
861,datasetV1,war_torn_destroyed_buildings,war_torn_destroyed_buildings_0083.png
862,datasetV1,war_torn_destroyed_buildings,war_torn_destroyed_buildings_0084.png
863,datasetV1,war_torn_destroyed_buildings,war_torn_destroyed_buildings_0085.png
864,datasetV1,war_torn_destroyed_buildings,war_torn_destroyed_buildings_0086.png
865,datasetV1,war_torn_destroyed_buildings,war_torn_destroyed_buildings_0087.png
866,datasetV1,war_torn_destroyed_buildings,war_torn_destroyed_buildings_0088.png
867,datasetV1,war_torn_destroyed_buildings,war_torn_destroyed_buildings_0089.png
868,datasetV1,war_torn_destroyed_buildings,war_torn_destroyed_buildings_0090.png
869,datasetV1,war_torn_destroyed_buildings,war_torn_destroyed_buildings_0091.png
870,datasetV1,war_torn_destroyed_buildings,war_torn_destroyed_buildings_0092.png
871,datasetV1,war_torn_destroyed_buildings,war_torn_destroyed_buildings_0093.png
872,datasetV1,war_torn_destroyed_buildings,war_torn_destroyed_buildings_0094.png
873,datasetV1,war_torn_destroyed_buildings,war_torn_destroyed_buildings_0095.png
874,datasetV1,war_torn_destroyed_buildings,war_torn_destroyed_buildings_0096.png
875,datasetV1,war_torn_destroyed_buildings,war_torn_destroyed_buildings_0097.png
876,datasetV1,war_torn_destroyed_buildings,war_torn_destroyed_buildings_0098.png
877,datasetV1,war_torn_destroyed_buildings,war_torn_destroyed_buildings_0099.png
878,datasetV1,war_torn_destroyed_buildings,war_torn_destroyed_buildings_0100.png
879,datasetV1,war_torn_destroyed_buildings,war_torn_destroyed_buildings_0101.png
880,datasetV1,war_torn_destroyed_buildings,war_torn_destroyed_buildings_0102.png
881,datasetV1,war_torn_destroyed_buildings,war_torn_destroyed_buildings_0103.png
882,datasetV1,war_torn_destroyed_buildings,war_torn_destroyed_buildings_0105.png
883,datasetV1,war_torn_destroyed_buildings,war_torn_destroyed_buildings_0106.png
884,datasetV1,war_torn_destroyed_buildings,war_torn_destroyed_buildings_0107.png
885,datasetV1,war_torn_destroyed_buildings,war_torn_destroyed_buildings_0108.png
886,datasetV1,war_torn_destroyed_buildings,war_torn_destroyed_buildings_0109.png
887,datasetV1,war_torn_destroyed_buildings,war_torn_destroyed_buildings_0110.png
888,datasetV1,war_torn_destroyed_buildings,war_torn_destroyed_buildings_0111.png
889,datasetV1,war_torn_destroyed_buildings,war_torn_destroyed_buildings_0112.png
890,datasetV1,war_torn_destroyed_buildings,war_torn_destroyed_buildings_0113.png
891,datasetV1,war_torn_destroyed_buildings,war_torn_destroyed_buildings_0114.png
892,datasetV1,war_torn_destroyed_buildings,war_torn_destroyed_buildings_0115.png
893,datasetV1,war_torn_destroyed_buildings,war_torn_destroyed_buildings_0116.png
894,datasetV1,war_torn_destroyed_buildings,war_torn_destroyed_buildings_0117.png
895,datasetV1,war_torn_destroyed_buildings,war_torn_destroyed_buildings_0118.png
896,datasetV1,war_torn_destroyed_buildings,war_torn_destroyed_buildings_0119.png
897,datasetV1,war_torn_destroyed_buildings,war_torn_destroyed_buildings_0120.png
898,datasetV1,war_torn_destroyed_buildings,war_torn_destroyed_buildings_0121.png
899,datasetV1,war_torn_destroyed_buildings,war_torn_destroyed_buildings_0122.png
900,datasetV1,war_torn_destroyed_buildings,war_torn_destroyed_buildings_0123.png
901,datasetV1,war_torn_destroyed_buildings,war_torn_destroyed_buildings_0124.png
902,datasetV1,war_torn_destroyed_buildings,war_torn_destroyed_buildings_0125.png
903,datasetV1,war_torn_destroyed_buildings,war_torn_destroyed_buildings_0126.png
904,datasetV1,war_torn_destroyed_buildings,war_torn_destroyed_buildings_0127.png
905,datasetV1,war_torn_destroyed_buildings,war_torn_destroyed_buildings_0128.png
906,datasetV1,war_torn_destroyed_buildings,war_torn_destroyed_buildings_0129.png
907,datasetV1,war_torn_destroyed_buildings,war_torn_destroyed_buildings_0130.png
908,datasetV1,war_torn_destroyed_buildings,war_torn_destroyed_buildings_0131.png
909,datasetV1,war_torn_destroyed_buildings,war_torn_destroyed_buildings_0132.png
910,datasetV1,war_torn_destroyed_buildings,war_torn_destroyed_buildings_0133.png
911,datasetV1,war_torn_destroyed_buildings,war_torn_destroyed_buildings_0134.png
912,datasetV1,war_torn_destroyed_buildings,war_torn_destroyed_buildings_0135.png
913,datasetV1,war_torn_destroyed_buildings,war_torn_destroyed_buildings_0136.png
914,datasetV1,war_torn_destroyed_buildings,war_torn_destroyed_buildings_0137.png
915,datasetV1,war_torn_destroyed_buildings,war_torn_destroyed_buildings_0138.png
916,datasetV1,war_torn_destroyed_buildings,war_torn_destroyed_buildings_0139.png
917,datasetV1,war_torn_destroyed_buildings,war_torn_destroyed_buildings_0140.png
918,datasetV1,war_torn_destroyed_buildings,war_torn_destroyed_buildings_0141.png
919,datasetV1,war_torn_destroyed_buildings,war_torn_destroyed_buildings_0142.png
920,datasetV1,war_torn_destroyed_buildings,war_torn_destroyed_buildings_0143.png
921,datasetV1,war_torn_destroyed_buildings,war_torn_destroyed_buildings_0144.png
922,datasetV1,war_torn_destroyed_buildings,war_torn_destroyed_buildings_0145.png
923,datasetV1,war_torn_destroyed_buildings,war_torn_destroyed_buildings_0146.png
924,datasetV1,war_torn_destroyed_buildings,war_torn_destroyed_buildings_0147.png
925,datasetV1,war_torn_destroyed_buildings,war_torn_destroyed_buildings_0148.png
926,datasetV1,war_torn_destroyed_buildings,war_torn_destroyed_buildings_0149.png
927,datasetV1,wildfire,wildfire_0000.png
928,datasetV1,wildfire,wildfire_0001.png
929,datasetV1,wildfire,wildfire_0002.png
930,datasetV1,wildfire,wildfire_0003.png
931,datasetV1,wildfire,wildfire_0004.png
932,datasetV1,wildfire,wildfire_0005.png
933,datasetV1,wildfire,wildfire_0006.png
934,datasetV1,wildfire,wildfire_0007.png
935,datasetV1,wildfire,wildfire_0008.png
936,datasetV1,wildfire,wildfire_0009.png
937,datasetV1,wildfire,wildfire_0010.png
938,datasetV1,wildfire,wildfire_0011.png
939,datasetV1,wildfire,wildfire_0012.png
940,datasetV1,wildfire,wildfire_0013.png
941,datasetV1,wildfire,wildfire_0014.png
942,datasetV1,wildfire,wildfire_0015.png
943,datasetV1,wildfire,wildfire_0016.png
944,datasetV1,wildfire,wildfire_0017.png
945,datasetV1,wildfire,wildfire_0018.png
946,datasetV1,wildfire,wildfire_0019.png
947,datasetV1,wildfire,wildfire_0020.png
948,datasetV1,wildfire,wildfire_0021.png
949,datasetV1,wildfire,wildfire_0022.png
950,datasetV1,wildfire,wildfire_0023.png
951,datasetV1,wildfire,wildfire_0024.png
952,datasetV1,wildfire,wildfire_0025.png
953,datasetV1,wildfire,wildfire_0026.png
954,datasetV1,wildfire,wildfire_0027.png
955,datasetV1,wildfire,wildfire_0028.png
956,datasetV1,wildfire,wildfire_0029.png
957,datasetV1,wildfire,wildfire_0030.png
958,datasetV1,wildfire,wildfire_0031.png
959,datasetV1,wildfire,wildfire_0032.png
960,datasetV1,wildfire,wildfire_0033.png
961,datasetV1,wildfire,wildfire_0034.png
962,datasetV1,wildfire,wildfire_0035.png
963,datasetV1,wildfire,wildfire_0036.png
964,datasetV1,wildfire,wildfire_0037.png
965,datasetV1,wildfire,wildfire_0038.png
966,datasetV1,wildfire,wildfire_0039.png
967,datasetV1,wildfire,wildfire_0040.png
968,datasetV1,wildfire,wildfire_0041.png
969,datasetV1,wildfire,wildfire_0042.png
970,datasetV1,wildfire,wildfire_0043.png
971,datasetV1,wildfire,wildfire_0044.png
972,datasetV1,wildfire,wildfire_0045.png
973,datasetV1,wildfire,wildfire_0046.png
974,datasetV1,wildfire,wildfire_0047.png
975,datasetV1,wildfire,wildfire_0048.png
976,datasetV1,wildfire,wildfire_0049.png
977,datasetV1,wildfire,wildfire_0050.png
978,datasetV1,wildfire,wildfire_0051.png
979,datasetV1,wildfire,wildfire_0052.png
980,datasetV1,wildfire,wildfire_0053.png
981,datasetV1,wildfire,wildfire_0054.png
982,datasetV1,wildfire,wildfire_0055.png
983,datasetV1,wildfire,wildfire_0056.png
984,datasetV1,wildfire,wildfire_0057.png
985,datasetV1,wildfire,wildfire_0058.png
986,datasetV1,wildfire,wildfire_0059.png
987,datasetV1,wildfire,wildfire_0060.png
988,datasetV1,wildfire,wildfire_0061.png
989,datasetV1,wildfire,wildfire_0062.png
990,datasetV1,wildfire,wildfire_0063.png
991,datasetV1,wildfire,wildfire_0064.png
992,datasetV1,wildfire,wildfire_0065.png
993,datasetV1,wildfire,wildfire_0066.png
994,datasetV1,wildfire,wildfire_0067.png
995,datasetV1,wildfire,wildfire_0068.png
996,datasetV1,wildfire,wildfire_0069.png
997,datasetV1,wildfire,wildfire_0070.png
998,datasetV1,wildfire,wildfire_0071.png
999,datasetV1,wildfire,wildfire_0072.png
1000,datasetV1,wildfire,wildfire_0073.png
1001,datasetV1,wildfire,wildfire_0074.png
1002,datasetV1,wildfire,wildfire_0075.png
1003,datasetV1,wildfire,wildfire_0076.png
1004,datasetV1,wildfire,wildfire_0077.png
1005,datasetV1,wildfire,wildfire_0078.png
1006,datasetV1,wildfire,wildfire_0079.png
1007,datasetV1,wildfire,wildfire_0080.png
1008,datasetV1,wildfire,wildfire_0081.png
1009,datasetV1,wildfire,wildfire_0082.png
1010,datasetV1,wildfire,wildfire_0083.png
1011,datasetV1,wildfire,wildfire_0084.png
1012,datasetV1,wildfire,wildfire_0085.png
1013,datasetV1,wildfire,wildfire_0086.png
1014,datasetV1,wildfire,wildfire_0087.png
1015,datasetV1,wildfire,wildfire_0088.png
1016,datasetV1,wildfire,wildfire_0089.png
1017,datasetV1,wildfire,wildfire_0090.png
1018,datasetV1,wildfire,wildfire_0091.png
1019,datasetV1,wildfire,wildfire_0092.png
1020,datasetV1,wildfire,wildfire_0093.png
1021,datasetV1,wildfire,wildfire_0094.png
1022,datasetV1,wildfire,wildfire_0095.png
1023,datasetV1,wildfire,wildfire_0096.png
1024,datasetV1,wildfire,wildfire_0097.png
1025,datasetV1,wildfire,wildfire_0098.png
1026,datasetV1,wildfire,wildfire_0099.png
1027,datasetV1,wildfire,wildfire_0100.png
1028,datasetV1,wildfire,wildfire_0101.png
1029,datasetV1,wildfire,wildfire_0102.png
1030,datasetV1,wildfire,wildfire_0103.png
1031,datasetV1,wildfire,wildfire_0104.png
1032,datasetV1,wildfire,wildfire_0105.png
1033,datasetV1,wildfire,wildfire_0106.png
1034,datasetV1,wildfire,wildfire_0107.png
1035,datasetV1,wildfire,wildfire_0108.png
1036,datasetV1,wildfire,wildfire_0109.png
1037,datasetV1,wildfire,wildfire_0110.png
1038,datasetV1,wildfire,wildfire_0111.png
1039,datasetV1,wildfire,wildfire_0112.png
1040,datasetV1,wildfire,wildfire_0113.png
1041,datasetV1,wildfire,wildfire_0114.png
1042,datasetV1,wildfire,wildfire_0115.png
1043,datasetV1,wildfire,wildfire_0116.png
1044,datasetV1,wildfire,wildfire_0117.png
1045,datasetV1,wildfire,wildfire_0118.png
1046,datasetV1,wildfire,wildfire_0119.png
1047,datasetV1,wildfire,wildfire_0120.png
1048,datasetV1,wildfire,wildfire_0121.png
1049,datasetV1,wildfire,wildfire_0122.png
1050,datasetV1,wildfire,wildfire_0123.png
1051,datasetV1,wildfire,wildfire_0124.png
1052,datasetV1,wildfire,wildfire_0125.png
1053,datasetV1,wildfire,wildfire_0126.png
1054,datasetV1,wildfire,wildfire_0127.png
1055,datasetV1,wildfire,wildfire_0128.png
1056,datasetV1,wildfire,wildfire_0129.png
1057,datasetV1,wildfire,wildfire_0130.png
1058,datasetV1,wildfire,wildfire_0131.png
1059,datasetV1,wildfire,wildfire_0132.png
1060,datasetV1,wildfire,wildfire_0133.png
1061,datasetV1,wildfire,wildfire_0134.png
1062,datasetV1,wildfire,wildfire_0135.png
1063,datasetV1,wildfire,wildfire_0136.png
1064,datasetV1,wildfire,wildfire_0137.png
1065,datasetV1,wildfire,wildfire_0138.png
1066,datasetV1,wildfire,wildfire_0139.png
1067,datasetV1,wildfire,wildfire_0140.png
1068,datasetV1,wildfire,wildfire_0141.png
1069,datasetV1,wildfire,wildfire_0142.png
1070,datasetV1,wildfire,wildfire_0143.png
1071,datasetV1,wildfire,wildfire_0144.png
1072,datasetV1,wildfire,wildfire_0145.png
1073,datasetV1,wildfire,wildfire_0146.png
1074,datasetV1,wildfire,wildfire_0147.png
1075,datasetV1,wildfire,wildfire_0148.png
1076,datasetV1,wildfire,wildfire_0149.png
1077,datasetV2,documents,documents_0000.png
1078,datasetV2,documents,documents_0001.png
1079,datasetV2,documents,documents_0003.png
1080,datasetV2,documents,documents_0004.png
1081,datasetV2,documents,documents_0005.png
1082,datasetV2,documents,documents_0007.png
1083,datasetV2,documents,documents_0010.png
1084,datasetV2,documents,documents_0011.png
1085,datasetV2,documents,documents_0012.png
1086,datasetV2,documents,documents_0014.png
1087,datasetV2,documents,documents_0015.png
1088,datasetV2,documents,documents_0016.png
1089,datasetV2,documents,documents_0018.png
1090,datasetV2,documents,documents_0021.png
1091,datasetV2,documents,documents_0022.png
1092,datasetV2,documents,documents_0023.png
1093,datasetV2,documents,documents_0025.png
1094,datasetV2,documents,documents_0026.png
1095,datasetV2,documents,documents_0027.png
1096,datasetV2,documents,documents_0028.png
1097,datasetV2,documents,documents_0029.png
1098,datasetV2,documents,documents_0030.png
1099,datasetV2,documents,documents_0032.png
1100,datasetV2,documents,documents_0033.png
1101,datasetV2,documents,documents_0037.png
1102,datasetV2,documents,documents_0039.png
1103,datasetV2,documents,documents_0040.png
1104,datasetV2,documents,documents_0041.png
1105,datasetV2,documents,documents_0042.png
1106,datasetV2,documents,documents_0043.png
1107,datasetV2,documents,documents_0044.png
1108,datasetV2,documents,documents_0045.png
1109,datasetV2,documents,documents_0047.png
1110,datasetV2,documents,documents_0048.png
1111,datasetV2,documents,documents_0049.png
1112,datasetV2,documents,documents_0053.png
1113,datasetV2,documents,documents_0055.png
1114,datasetV2,documents,documents_0056.png
1115,datasetV2,documents,documents_0057.png
1116,datasetV2,documents,documents_0059.png
1117,datasetV2,documents,documents_0060.png
1118,datasetV2,documents,documents_0061.png
1119,datasetV2,documents,documents_0062.png
1120,datasetV2,documents,documents_0063.png
1121,datasetV2,documents,documents_0064.png
1122,datasetV2,documents,documents_0065.png
1123,datasetV2,documents,documents_0066.png
1124,datasetV2,documents,documents_0067.png
1125,datasetV2,documents,documents_0068.png
1126,datasetV2,documents,documents_0069.png
1127,datasetV2,documents,documents_0070.png
1128,datasetV2,documents,documents_0071.png
1129,datasetV2,documents,documents_0072.png
1130,datasetV2,documents,documents_0073.png
1131,datasetV2,documents,documents_0074.png
1132,datasetV2,documents,documents_0075.png
1133,datasetV2,documents,documents_0076.png
1134,datasetV2,documents,documents_0077.png
1135,datasetV2,documents,documents_0079.png
1136,datasetV2,documents,documents_0080.png
1137,datasetV2,documents,documents_0082.png
1138,datasetV2,documents,documents_0083.png
1139,datasetV2,documents,documents_0085.png
1140,datasetV2,documents,documents_0086.png
1141,datasetV2,documents,documents_0087.png
1142,datasetV2,documents,documents_0088.png
1143,datasetV2,documents,documents_0090.png
1144,datasetV2,documents,documents_0093.png
1145,datasetV2,documents,documents_0095.png
1146,datasetV2,documents,documents_0096.png
1147,datasetV2,documents,documents_0097.png
1148,datasetV2,documents,documents_0098.png
1149,datasetV2,documents,documents_0099.png
1150,datasetV2,documents,documents_0100.png
1151,datasetV2,documents,documents_0101.png
1152,datasetV2,documents,documents_0103.png
1153,datasetV2,documents,documents_0104.png
1154,datasetV2,documents,documents_0105.png
1155,datasetV2,documents,documents_0106.png
1156,datasetV2,documents,documents_0107.png
1157,datasetV2,documents,documents_0108.png
1158,datasetV2,documents,documents_0109.png
1159,datasetV2,documents,documents_0110.png
1160,datasetV2,documents,documents_0111.png
1161,datasetV2,documents,documents_0112.png
1162,datasetV2,documents,documents_0113.png
1163,datasetV2,documents,documents_0114.png
1164,datasetV2,documents,documents_0115.png
1165,datasetV2,documents,documents_0116.png
1166,datasetV2,documents,documents_0117.png
1167,datasetV2,documents,documents_0118.png
1168,datasetV2,documents,documents_0120.png
1169,datasetV2,documents,documents_0121.png
1170,datasetV2,documents,documents_0122.png
1171,datasetV2,documents,documents_0123.png
1172,datasetV2,documents,documents_0124.png
1173,datasetV2,documents,documents_0125.png
1174,datasetV2,documents,documents_0126.png
1175,datasetV2,documents,documents_0127.png
1176,datasetV2,documents,documents_0128.png
1177,datasetV2,documents,documents_0129.png
1178,datasetV2,documents,documents_0130.png
1179,datasetV2,documents,documents_0132.png
1180,datasetV2,documents,documents_0133.png
1181,datasetV2,documents,documents_0134.png
1182,datasetV2,documents,documents_0135.png
1183,datasetV2,documents,documents_0137.png
1184,datasetV2,documents,documents_0138.png
1185,datasetV2,documents,documents_0139.png
1186,datasetV2,documents,documents_0140.png
1187,datasetV2,documents,documents_0141.png
1188,datasetV2,documents,documents_0145.png
1189,datasetV2,documents,documents_0146.png
1190,datasetV2,documents,documents_0147.png
1191,datasetV2,documents,documents_0148.png
1192,datasetV2,fake_news,fake_news_0003.png
1193,datasetV2,fake_news,fake_news_0005.png
1194,datasetV2,fake_news,fake_news_0006.png
1195,datasetV2,fake_news,fake_news_0007.png
1196,datasetV2,fake_news,fake_news_0008.png
1197,datasetV2,fake_news,fake_news_0009.png
1198,datasetV2,fake_news,fake_news_0010.png
1199,datasetV2,fake_news,fake_news_0011.png
1200,datasetV2,fake_news,fake_news_0012.png
1201,datasetV2,fake_news,fake_news_0013.png
1202,datasetV2,fake_news,fake_news_0014.png
1203,datasetV2,fake_news,fake_news_0015.png
1204,datasetV2,fake_news,fake_news_0016.png
1205,datasetV2,fake_news,fake_news_0018.png
1206,datasetV2,fake_news,fake_news_0019.png
1207,datasetV2,fake_news,fake_news_0021.png
1208,datasetV2,fake_news,fake_news_0022.png
1209,datasetV2,fake_news,fake_news_0023.png
1210,datasetV2,fake_news,fake_news_0025.png
1211,datasetV2,fake_news,fake_news_0028.png
1212,datasetV2,fake_news,fake_news_0029.png
1213,datasetV2,fake_news,fake_news_0032.png
1214,datasetV2,fake_news,fake_news_0033.png
1215,datasetV2,fake_news,fake_news_0034.png
1216,datasetV2,fake_news,fake_news_0036.png
1217,datasetV2,fake_news,fake_news_0041.png
1218,datasetV2,fake_news,fake_news_0043.png
1219,datasetV2,fake_news,fake_news_0044.png
1220,datasetV2,fake_news,fake_news_0045.png
1221,datasetV2,fake_news,fake_news_0046.png
1222,datasetV2,fake_news,fake_news_0047.png
1223,datasetV2,fake_news,fake_news_0049.png
1224,datasetV2,fake_news,fake_news_0050.png
1225,datasetV2,fake_news,fake_news_0051.png
1226,datasetV2,fake_news,fake_news_0054.png
1227,datasetV2,fake_news,fake_news_0055.png
1228,datasetV2,fake_news,fake_news_0056.png
1229,datasetV2,fake_news,fake_news_0057.png
1230,datasetV2,fake_news,fake_news_0058.png
1231,datasetV2,fake_news,fake_news_0059.png
1232,datasetV2,fake_news,fake_news_0060.png
1233,datasetV2,fake_news,fake_news_0062.png
1234,datasetV2,fake_news,fake_news_0063.png
1235,datasetV2,fake_news,fake_news_0066.png
1236,datasetV2,fake_news,fake_news_0068.png
1237,datasetV2,fake_news,fake_news_0070.png
1238,datasetV2,fake_news,fake_news_0071.png
1239,datasetV2,fake_news,fake_news_0073.png
1240,datasetV2,fake_news,fake_news_0079.png
1241,datasetV2,fake_news,fake_news_0082.png
1242,datasetV2,fake_news,fake_news_0083.png
1243,datasetV2,fake_news,fake_news_0084.png
1244,datasetV2,fake_news,fake_news_0085.png
1245,datasetV2,fake_news,fake_news_0086.png
1246,datasetV2,fake_news,fake_news_0088.png
1247,datasetV2,fake_news,fake_news_0091.png
1248,datasetV2,fake_news,fake_news_0092.png
1249,datasetV2,fake_news,fake_news_0095.png
1250,datasetV2,fake_news,fake_news_0096.png
1251,datasetV2,fake_news,fake_news_0098.png
1252,datasetV2,fake_news,fake_news_0100.png
1253,datasetV2,fake_news,fake_news_0103.png
1254,datasetV2,fake_news,fake_news_0104.png
1255,datasetV2,fake_news,fake_news_0105.png
1256,datasetV2,fake_news,fake_news_0106.png
1257,datasetV2,fake_news,fake_news_0109.png
1258,datasetV2,fake_news,fake_news_0110.png
1259,datasetV2,fake_news,fake_news_0111.png
1260,datasetV2,fake_news,fake_news_0113.png
1261,datasetV2,fake_news,fake_news_0114.png
1262,datasetV2,fake_news,fake_news_0117.png
1263,datasetV2,fake_news,fake_news_0119.png
1264,datasetV2,fake_news,fake_news_0120.png
1265,datasetV2,fake_news,fake_news_0121.png
1266,datasetV2,fake_news,fake_news_0122.png
1267,datasetV2,fake_news,fake_news_0124.png
1268,datasetV2,fake_news,fake_news_0126.png
1269,datasetV2,fake_news,fake_news_0127.png
1270,datasetV2,fake_news,fake_news_0128.png
1271,datasetV2,fake_news,fake_news_0129.png
1272,datasetV2,fake_news,fake_news_0130.png
1273,datasetV2,fake_news,fake_news_0131.png
1274,datasetV2,fake_news,fake_news_0132.png
1275,datasetV2,fake_news,fake_news_0133.png
1276,datasetV2,fake_news,fake_news_0134.png
1277,datasetV2,fake_news,fake_news_0135.png
1278,datasetV2,fake_news,fake_news_0136.png
1279,datasetV2,fake_news,fake_news_0137.png
1280,datasetV2,fake_news,fake_news_0138.png
1281,datasetV2,fake_news,fake_news_0139.png
1282,datasetV2,fake_news,fake_news_0140.png
1283,datasetV2,fake_news,fake_news_0142.png
1284,datasetV2,fake_news,fake_news_0143.png
1285,datasetV2,fake_news,fake_news_0144.png
1286,datasetV2,fake_news,fake_news_0145.png
1287,datasetV2,fake_news,fake_news_0146.png
1288,datasetV2,fake_news,fake_news_0147.png
1289,datasetV2,fake_news,fake_news_0149.png
1290,datasetV2,flood,flood_0000.png
1291,datasetV2,flood,flood_0001.png
1292,datasetV2,flood,flood_0002.png
1293,datasetV2,flood,flood_0003.png
1294,datasetV2,flood,flood_0004.png
1295,datasetV2,flood,flood_0005.png
1296,datasetV2,flood,flood_0006.png
1297,datasetV2,flood,flood_0007.png
1298,datasetV2,flood,flood_0008.png
1299,datasetV2,flood,flood_0009.png
1300,datasetV2,flood,flood_0010.png
1301,datasetV2,flood,flood_0012.png
1302,datasetV2,flood,flood_0013.png
1303,datasetV2,flood,flood_0014.png
1304,datasetV2,flood,flood_0015.png
1305,datasetV2,flood,flood_0016.png
1306,datasetV2,flood,flood_0017.png
1307,datasetV2,flood,flood_0018.png
1308,datasetV2,flood,flood_0019.png
1309,datasetV2,flood,flood_0020.png
1310,datasetV2,flood,flood_0021.png
1311,datasetV2,flood,flood_0022.png
1312,datasetV2,flood,flood_0023.png
1313,datasetV2,flood,flood_0024.png
1314,datasetV2,flood,flood_0025.png
1315,datasetV2,flood,flood_0026.png
1316,datasetV2,flood,flood_0029.png
1317,datasetV2,flood,flood_0030.png
1318,datasetV2,flood,flood_0031.png
1319,datasetV2,flood,flood_0032.png
1320,datasetV2,flood,flood_0033.png
1321,datasetV2,flood,flood_0034.png
1322,datasetV2,flood,flood_0035.png
1323,datasetV2,flood,flood_0036.png
1324,datasetV2,flood,flood_0037.png
1325,datasetV2,flood,flood_0038.png
1326,datasetV2,flood,flood_0039.png
1327,datasetV2,flood,flood_0040.png
1328,datasetV2,flood,flood_0041.png
1329,datasetV2,flood,flood_0043.png
1330,datasetV2,flood,flood_0044.png
1331,datasetV2,flood,flood_0045.png
1332,datasetV2,flood,flood_0048.png
1333,datasetV2,flood,flood_0049.png
1334,datasetV2,flood,flood_0051.png
1335,datasetV2,flood,flood_0052.png
1336,datasetV2,flood,flood_0053.png
1337,datasetV2,flood,flood_0054.png
1338,datasetV2,flood,flood_0055.png
1339,datasetV2,flood,flood_0056.png
1340,datasetV2,flood,flood_0057.png
1341,datasetV2,flood,flood_0058.png
1342,datasetV2,flood,flood_0059.png
1343,datasetV2,flood,flood_0060.png
1344,datasetV2,flood,flood_0061.png
1345,datasetV2,flood,flood_0062.png
1346,datasetV2,flood,flood_0065.png
1347,datasetV2,flood,flood_0066.png
1348,datasetV2,flood,flood_0067.png
1349,datasetV2,flood,flood_0068.png
1350,datasetV2,flood,flood_0070.png
1351,datasetV2,flood,flood_0071.png
1352,datasetV2,flood,flood_0074.png
1353,datasetV2,flood,flood_0075.png
1354,datasetV2,flood,flood_0076.png
1355,datasetV2,flood,flood_0077.png
1356,datasetV2,flood,flood_0078.png
1357,datasetV2,flood,flood_0079.png
1358,datasetV2,flood,flood_0080.png
1359,datasetV2,flood,flood_0081.png
1360,datasetV2,flood,flood_0082.png
1361,datasetV2,flood,flood_0083.png
1362,datasetV2,flood,flood_0084.png
1363,datasetV2,flood,flood_0085.png
1364,datasetV2,flood,flood_0087.png
1365,datasetV2,flood,flood_0089.png
1366,datasetV2,flood,flood_0090.png
1367,datasetV2,flood,flood_0091.png
1368,datasetV2,flood,flood_0092.png
1369,datasetV2,flood,flood_0093.png
1370,datasetV2,flood,flood_0094.png
1371,datasetV2,flood,flood_0095.png
1372,datasetV2,flood,flood_0096.png
1373,datasetV2,flood,flood_0097.png
1374,datasetV2,flood,flood_0098.png
1375,datasetV2,flood,flood_0099.png
1376,datasetV2,flood,flood_0100.png
1377,datasetV2,flood,flood_0101.png
1378,datasetV2,flood,flood_0103.png
1379,datasetV2,flood,flood_0105.png
1380,datasetV2,flood,flood_0106.png
1381,datasetV2,flood,flood_0107.png
1382,datasetV2,flood,flood_0108.png
1383,datasetV2,flood,flood_0109.png
1384,datasetV2,flood,flood_0110.png
1385,datasetV2,flood,flood_0111.png
1386,datasetV2,flood,flood_0112.png
1387,datasetV2,flood,flood_0114.png
1388,datasetV2,flood,flood_0115.png
1389,datasetV2,flood,flood_0116.png
1390,datasetV2,flood,flood_0117.png
1391,datasetV2,flood,flood_0118.png
1392,datasetV2,flood,flood_0120.png
1393,datasetV2,flood,flood_0121.png
1394,datasetV2,flood,flood_0122.png
1395,datasetV2,flood,flood_0123.png
1396,datasetV2,flood,flood_0124.png
1397,datasetV2,flood,flood_0125.png
1398,datasetV2,flood,flood_0126.png
1399,datasetV2,flood,flood_0127.png
1400,datasetV2,flood,flood_0128.png
1401,datasetV2,flood,flood_0129.png
1402,datasetV2,flood,flood_0130.png
1403,datasetV2,flood,flood_0131.png
1404,datasetV2,flood,flood_0132.png
1405,datasetV2,flood,flood_0133.png
1406,datasetV2,flood,flood_0134.png
1407,datasetV2,flood,flood_0135.png
1408,datasetV2,flood,flood_0136.png
1409,datasetV2,flood,flood_0137.png
1410,datasetV2,flood,flood_0138.png
1411,datasetV2,flood,flood_0141.png
1412,datasetV2,flood,flood_0142.png
1413,datasetV2,flood,flood_0143.png
1414,datasetV2,flood,flood_0146.png
1415,datasetV2,flood,flood_0147.png
1416,datasetV2,flood,flood_0149.png
1417,datasetV2,memes,memes_0000.png
1418,datasetV2,memes,memes_0002.png
1419,datasetV2,memes,memes_0006.png
1420,datasetV2,memes,memes_0017.png
1421,datasetV2,memes,memes_0018.png
1422,datasetV2,memes,memes_0023.png
1423,datasetV2,memes,memes_0024.png
1424,datasetV2,memes,memes_0028.png
1425,datasetV2,memes,memes_0030.png
1426,datasetV2,memes,memes_0031.png
1427,datasetV2,memes,memes_0033.png
1428,datasetV2,memes,memes_0036.png
1429,datasetV2,memes,memes_0038.png
1430,datasetV2,memes,memes_0039.png
1431,datasetV2,memes,memes_0041.png
1432,datasetV2,memes,memes_0043.png
1433,datasetV2,memes,memes_0044.png
1434,datasetV2,memes,memes_0045.png
1435,datasetV2,memes,memes_0047.png
1436,datasetV2,memes,memes_0048.png
1437,datasetV2,memes,memes_0049.png
1438,datasetV2,memes,memes_0050.png
1439,datasetV2,memes,memes_0054.png
1440,datasetV2,memes,memes_0055.png
1441,datasetV2,memes,memes_0057.png
1442,datasetV2,memes,memes_0059.png
1443,datasetV2,memes,memes_0062.png
1444,datasetV2,memes,memes_0064.png
1445,datasetV2,memes,memes_0066.png
1446,datasetV2,memes,memes_0069.png
1447,datasetV2,memes,memes_0070.png
1448,datasetV2,memes,memes_0076.png
1449,datasetV2,memes,memes_0077.png
1450,datasetV2,memes,memes_0078.png
1451,datasetV2,memes,memes_0079.png
1452,datasetV2,memes,memes_0080.png
1453,datasetV2,memes,memes_0081.png
1454,datasetV2,memes,memes_0085.png
1455,datasetV2,memes,memes_0088.png
1456,datasetV2,memes,memes_0094.png
1457,datasetV2,memes,memes_0095.png
1458,datasetV2,memes,memes_0099.png
1459,datasetV2,memes,memes_0100.png
1460,datasetV2,memes,memes_0101.png
1461,datasetV2,memes,memes_0102.png
1462,datasetV2,memes,memes_0103.png
1463,datasetV2,memes,memes_0105.png
1464,datasetV2,memes,memes_0106.png
1465,datasetV2,memes,memes_0107.png
1466,datasetV2,memes,memes_0111.png
1467,datasetV2,memes,memes_0113.png
1468,datasetV2,memes,memes_0114.png
1469,datasetV2,memes,memes_0116.png
1470,datasetV2,memes,memes_0119.png
1471,datasetV2,memes,memes_0121.png
1472,datasetV2,memes,memes_0125.png
1473,datasetV2,memes,memes_0126.png
1474,datasetV2,memes,memes_0133.png
1475,datasetV2,memes,memes_0135.png
1476,datasetV2,memes,memes_0136.png
1477,datasetV2,memes,memes_0137.png
1478,datasetV2,memes,memes_0138.png
1479,datasetV2,memes,memes_0139.png
1480,datasetV2,memes,memes_0145.png
1481,datasetV2,memes,memes_0146.png
1482,datasetV2,plane_crash_debris,plane_crash_debris_0000.png
1483,datasetV2,plane_crash_debris,plane_crash_debris_0001.png
1484,datasetV2,plane_crash_debris,plane_crash_debris_0002.png
1485,datasetV2,plane_crash_debris,plane_crash_debris_0003.png
1486,datasetV2,plane_crash_debris,plane_crash_debris_0004.png
1487,datasetV2,plane_crash_debris,plane_crash_debris_0005.png
1488,datasetV2,plane_crash_debris,plane_crash_debris_0006.png
1489,datasetV2,plane_crash_debris,plane_crash_debris_0007.png
1490,datasetV2,plane_crash_debris,plane_crash_debris_0008.png
1491,datasetV2,plane_crash_debris,plane_crash_debris_0009.png
1492,datasetV2,plane_crash_debris,plane_crash_debris_0010.png
1493,datasetV2,plane_crash_debris,plane_crash_debris_0011.png
1494,datasetV2,plane_crash_debris,plane_crash_debris_0012.png
1495,datasetV2,plane_crash_debris,plane_crash_debris_0013.png
1496,datasetV2,plane_crash_debris,plane_crash_debris_0014.png
1497,datasetV2,plane_crash_debris,plane_crash_debris_0015.png
1498,datasetV2,plane_crash_debris,plane_crash_debris_0016.png
1499,datasetV2,plane_crash_debris,plane_crash_debris_0017.png
1500,datasetV2,plane_crash_debris,plane_crash_debris_0018.png
1501,datasetV2,plane_crash_debris,plane_crash_debris_0019.png
1502,datasetV2,plane_crash_debris,plane_crash_debris_0020.png
1503,datasetV2,plane_crash_debris,plane_crash_debris_0021.png
1504,datasetV2,plane_crash_debris,plane_crash_debris_0022.png
1505,datasetV2,plane_crash_debris,plane_crash_debris_0023.png
1506,datasetV2,plane_crash_debris,plane_crash_debris_0024.png
1507,datasetV2,plane_crash_debris,plane_crash_debris_0025.png
1508,datasetV2,plane_crash_debris,plane_crash_debris_0026.png
1509,datasetV2,plane_crash_debris,plane_crash_debris_0027.png
1510,datasetV2,plane_crash_debris,plane_crash_debris_0028.png
1511,datasetV2,plane_crash_debris,plane_crash_debris_0029.png
1512,datasetV2,plane_crash_debris,plane_crash_debris_0030.png
1513,datasetV2,plane_crash_debris,plane_crash_debris_0031.png
1514,datasetV2,plane_crash_debris,plane_crash_debris_0032.png
1515,datasetV2,plane_crash_debris,plane_crash_debris_0033.png
1516,datasetV2,plane_crash_debris,plane_crash_debris_0034.png
1517,datasetV2,plane_crash_debris,plane_crash_debris_0035.png
1518,datasetV2,plane_crash_debris,plane_crash_debris_0036.png
1519,datasetV2,plane_crash_debris,plane_crash_debris_0037.png
1520,datasetV2,plane_crash_debris,plane_crash_debris_0038.png
1521,datasetV2,plane_crash_debris,plane_crash_debris_0039.png
1522,datasetV2,plane_crash_debris,plane_crash_debris_0040.png
1523,datasetV2,plane_crash_debris,plane_crash_debris_0041.png
1524,datasetV2,plane_crash_debris,plane_crash_debris_0042.png
1525,datasetV2,plane_crash_debris,plane_crash_debris_0043.png
1526,datasetV2,plane_crash_debris,plane_crash_debris_0044.png
1527,datasetV2,plane_crash_debris,plane_crash_debris_0045.png
1528,datasetV2,plane_crash_debris,plane_crash_debris_0046.png
1529,datasetV2,plane_crash_debris,plane_crash_debris_0047.png
1530,datasetV2,plane_crash_debris,plane_crash_debris_0048.png
1531,datasetV2,plane_crash_debris,plane_crash_debris_0049.png
1532,datasetV2,plane_crash_debris,plane_crash_debris_0050.png
1533,datasetV2,plane_crash_debris,plane_crash_debris_0051.png
1534,datasetV2,plane_crash_debris,plane_crash_debris_0052.png
1535,datasetV2,plane_crash_debris,plane_crash_debris_0053.png
1536,datasetV2,plane_crash_debris,plane_crash_debris_0054.png
1537,datasetV2,plane_crash_debris,plane_crash_debris_0055.png
1538,datasetV2,plane_crash_debris,plane_crash_debris_0056.png
1539,datasetV2,plane_crash_debris,plane_crash_debris_0057.png
1540,datasetV2,plane_crash_debris,plane_crash_debris_0058.png
1541,datasetV2,plane_crash_debris,plane_crash_debris_0059.png
1542,datasetV2,plane_crash_debris,plane_crash_debris_0060.png
1543,datasetV2,plane_crash_debris,plane_crash_debris_0061.png
1544,datasetV2,plane_crash_debris,plane_crash_debris_0062.png
1545,datasetV2,plane_crash_debris,plane_crash_debris_0063.png
1546,datasetV2,plane_crash_debris,plane_crash_debris_0064.png
1547,datasetV2,plane_crash_debris,plane_crash_debris_0065.png
1548,datasetV2,plane_crash_debris,plane_crash_debris_0066.png
1549,datasetV2,plane_crash_debris,plane_crash_debris_0067.png
1550,datasetV2,plane_crash_debris,plane_crash_debris_0068.png
1551,datasetV2,plane_crash_debris,plane_crash_debris_0069.png
1552,datasetV2,plane_crash_debris,plane_crash_debris_0070.png
1553,datasetV2,plane_crash_debris,plane_crash_debris_0071.png
1554,datasetV2,plane_crash_debris,plane_crash_debris_0072.png
1555,datasetV2,plane_crash_debris,plane_crash_debris_0073.png
1556,datasetV2,plane_crash_debris,plane_crash_debris_0074.png
1557,datasetV2,plane_crash_debris,plane_crash_debris_0075.png
1558,datasetV2,plane_crash_debris,plane_crash_debris_0076.png
1559,datasetV2,plane_crash_debris,plane_crash_debris_0077.png
1560,datasetV2,plane_crash_debris,plane_crash_debris_0078.png
1561,datasetV2,plane_crash_debris,plane_crash_debris_0079.png
1562,datasetV2,plane_crash_debris,plane_crash_debris_0080.png
1563,datasetV2,plane_crash_debris,plane_crash_debris_0081.png
1564,datasetV2,plane_crash_debris,plane_crash_debris_0082.png
1565,datasetV2,plane_crash_debris,plane_crash_debris_0083.png
1566,datasetV2,plane_crash_debris,plane_crash_debris_0084.png
1567,datasetV2,plane_crash_debris,plane_crash_debris_0085.png
1568,datasetV2,plane_crash_debris,plane_crash_debris_0086.png
1569,datasetV2,plane_crash_debris,plane_crash_debris_0087.png
1570,datasetV2,plane_crash_debris,plane_crash_debris_0088.png
1571,datasetV2,plane_crash_debris,plane_crash_debris_0089.png
1572,datasetV2,plane_crash_debris,plane_crash_debris_0090.png
1573,datasetV2,plane_crash_debris,plane_crash_debris_0091.png
1574,datasetV2,plane_crash_debris,plane_crash_debris_0092.png
1575,datasetV2,plane_crash_debris,plane_crash_debris_0093.png
1576,datasetV2,plane_crash_debris,plane_crash_debris_0094.png
1577,datasetV2,plane_crash_debris,plane_crash_debris_0095.png
1578,datasetV2,plane_crash_debris,plane_crash_debris_0096.png
1579,datasetV2,plane_crash_debris,plane_crash_debris_0097.png
1580,datasetV2,plane_crash_debris,plane_crash_debris_0098.png
1581,datasetV2,plane_crash_debris,plane_crash_debris_0099.png
1582,datasetV2,plane_crash_debris,plane_crash_debris_0100.png
1583,datasetV2,plane_crash_debris,plane_crash_debris_0101.png
1584,datasetV2,plane_crash_debris,plane_crash_debris_0102.png
1585,datasetV2,plane_crash_debris,plane_crash_debris_0103.png
1586,datasetV2,plane_crash_debris,plane_crash_debris_0104.png
1587,datasetV2,plane_crash_debris,plane_crash_debris_0105.png
1588,datasetV2,plane_crash_debris,plane_crash_debris_0106.png
1589,datasetV2,plane_crash_debris,plane_crash_debris_0107.png
1590,datasetV2,plane_crash_debris,plane_crash_debris_0108.png
1591,datasetV2,plane_crash_debris,plane_crash_debris_0109.png
1592,datasetV2,plane_crash_debris,plane_crash_debris_0110.png
1593,datasetV2,plane_crash_debris,plane_crash_debris_0111.png
1594,datasetV2,plane_crash_debris,plane_crash_debris_0112.png
1595,datasetV2,plane_crash_debris,plane_crash_debris_0113.png
1596,datasetV2,plane_crash_debris,plane_crash_debris_0114.png
1597,datasetV2,plane_crash_debris,plane_crash_debris_0115.png
1598,datasetV2,plane_crash_debris,plane_crash_debris_0116.png
1599,datasetV2,plane_crash_debris,plane_crash_debris_0117.png
1600,datasetV2,plane_crash_debris,plane_crash_debris_0118.png
1601,datasetV2,plane_crash_debris,plane_crash_debris_0119.png
1602,datasetV2,plane_crash_debris,plane_crash_debris_0120.png
1603,datasetV2,plane_crash_debris,plane_crash_debris_0121.png
1604,datasetV2,plane_crash_debris,plane_crash_debris_0122.png
1605,datasetV2,plane_crash_debris,plane_crash_debris_0123.png
1606,datasetV2,plane_crash_debris,plane_crash_debris_0124.png
1607,datasetV2,plane_crash_debris,plane_crash_debris_0125.png
1608,datasetV2,plane_crash_debris,plane_crash_debris_0126.png
1609,datasetV2,plane_crash_debris,plane_crash_debris_0127.png
1610,datasetV2,plane_crash_debris,plane_crash_debris_0128.png
1611,datasetV2,plane_crash_debris,plane_crash_debris_0129.png
1612,datasetV2,plane_crash_debris,plane_crash_debris_0130.png
1613,datasetV2,plane_crash_debris,plane_crash_debris_0131.png
1614,datasetV2,plane_crash_debris,plane_crash_debris_0132.png
1615,datasetV2,plane_crash_debris,plane_crash_debris_0133.png
1616,datasetV2,plane_crash_debris,plane_crash_debris_0134.png
1617,datasetV2,plane_crash_debris,plane_crash_debris_0135.png
1618,datasetV2,plane_crash_debris,plane_crash_debris_0136.png
1619,datasetV2,plane_crash_debris,plane_crash_debris_0137.png
1620,datasetV2,plane_crash_debris,plane_crash_debris_0138.png
1621,datasetV2,plane_crash_debris,plane_crash_debris_0139.png
1622,datasetV2,plane_crash_debris,plane_crash_debris_0140.png
1623,datasetV2,plane_crash_debris,plane_crash_debris_0141.png
1624,datasetV2,plane_crash_debris,plane_crash_debris_0142.png
1625,datasetV2,plane_crash_debris,plane_crash_debris_0143.png
1626,datasetV2,plane_crash_debris,plane_crash_debris_0144.png
1627,datasetV2,plane_crash_debris,plane_crash_debris_0145.png
1628,datasetV2,plane_crash_debris,plane_crash_debris_0146.png
1629,datasetV2,plane_crash_debris,plane_crash_debris_0147.png
1630,datasetV2,plane_crash_debris,plane_crash_debris_0148.png
1631,datasetV2,plane_crash_debris,plane_crash_debris_0149.png
1632,datasetV2,protest_crowd,protest_crowd_0000.png
1633,datasetV2,protest_crowd,protest_crowd_0006.png
1634,datasetV2,protest_crowd,protest_crowd_0009.png
1635,datasetV2,protest_crowd,protest_crowd_0010.png
1636,datasetV2,protest_crowd,protest_crowd_0011.png
1637,datasetV2,protest_crowd,protest_crowd_0013.png
1638,datasetV2,protest_crowd,protest_crowd_0017.png
1639,datasetV2,protest_crowd,protest_crowd_0020.png
1640,datasetV2,protest_crowd,protest_crowd_0021.png
1641,datasetV2,protest_crowd,protest_crowd_0022.png
1642,datasetV2,protest_crowd,protest_crowd_0029.png
1643,datasetV2,protest_crowd,protest_crowd_0030.png
1644,datasetV2,protest_crowd,protest_crowd_0031.png
1645,datasetV2,protest_crowd,protest_crowd_0032.png
1646,datasetV2,protest_crowd,protest_crowd_0035.png
1647,datasetV2,protest_crowd,protest_crowd_0036.png
1648,datasetV2,protest_crowd,protest_crowd_0037.png
1649,datasetV2,protest_crowd,protest_crowd_0039.png
1650,datasetV2,protest_crowd,protest_crowd_0042.png
1651,datasetV2,protest_crowd,protest_crowd_0043.png
1652,datasetV2,protest_crowd,protest_crowd_0044.png
1653,datasetV2,protest_crowd,protest_crowd_0046.png
1654,datasetV2,protest_crowd,protest_crowd_0047.png
1655,datasetV2,protest_crowd,protest_crowd_0049.png
1656,datasetV2,protest_crowd,protest_crowd_0050.png
1657,datasetV2,protest_crowd,protest_crowd_0051.png
1658,datasetV2,protest_crowd,protest_crowd_0052.png
1659,datasetV2,protest_crowd,protest_crowd_0053.png
1660,datasetV2,protest_crowd,protest_crowd_0055.png
1661,datasetV2,protest_crowd,protest_crowd_0056.png
1662,datasetV2,protest_crowd,protest_crowd_0058.png
1663,datasetV2,protest_crowd,protest_crowd_0059.png
1664,datasetV2,protest_crowd,protest_crowd_0060.png
1665,datasetV2,protest_crowd,protest_crowd_0061.png
1666,datasetV2,protest_crowd,protest_crowd_0062.png
1667,datasetV2,protest_crowd,protest_crowd_0063.png
1668,datasetV2,protest_crowd,protest_crowd_0066.png
1669,datasetV2,protest_crowd,protest_crowd_0067.png
1670,datasetV2,protest_crowd,protest_crowd_0068.png
1671,datasetV2,protest_crowd,protest_crowd_0069.png
1672,datasetV2,protest_crowd,protest_crowd_0071.png
1673,datasetV2,protest_crowd,protest_crowd_0074.png
1674,datasetV2,protest_crowd,protest_crowd_0075.png
1675,datasetV2,protest_crowd,protest_crowd_0077.png
1676,datasetV2,protest_crowd,protest_crowd_0080.png
1677,datasetV2,protest_crowd,protest_crowd_0081.png
1678,datasetV2,protest_crowd,protest_crowd_0083.png
1679,datasetV2,protest_crowd,protest_crowd_0086.png
1680,datasetV2,protest_crowd,protest_crowd_0087.png
1681,datasetV2,protest_crowd,protest_crowd_0088.png
1682,datasetV2,protest_crowd,protest_crowd_0089.png
1683,datasetV2,protest_crowd,protest_crowd_0091.png
1684,datasetV2,protest_crowd,protest_crowd_0094.png
1685,datasetV2,protest_crowd,protest_crowd_0097.png
1686,datasetV2,protest_crowd,protest_crowd_0099.png
1687,datasetV2,protest_crowd,protest_crowd_0101.png
1688,datasetV2,protest_crowd,protest_crowd_0103.png
1689,datasetV2,protest_crowd,protest_crowd_0104.png
1690,datasetV2,protest_crowd,protest_crowd_0105.png
1691,datasetV2,protest_crowd,protest_crowd_0107.png
1692,datasetV2,protest_crowd,protest_crowd_0108.png
1693,datasetV2,protest_crowd,protest_crowd_0109.png
1694,datasetV2,protest_crowd,protest_crowd_0111.png
1695,datasetV2,protest_crowd,protest_crowd_0112.png
1696,datasetV2,protest_crowd,protest_crowd_0114.png
1697,datasetV2,protest_crowd,protest_crowd_0121.png
1698,datasetV2,protest_crowd,protest_crowd_0122.png
1699,datasetV2,protest_crowd,protest_crowd_0123.png
1700,datasetV2,protest_crowd,protest_crowd_0124.png
1701,datasetV2,protest_crowd,protest_crowd_0126.png
1702,datasetV2,protest_crowd,protest_crowd_0129.png
1703,datasetV2,protest_crowd,protest_crowd_0130.png
1704,datasetV2,protest_crowd,protest_crowd_0137.png
1705,datasetV2,protest_crowd,protest_crowd_0140.png
1706,datasetV2,protest_crowd,protest_crowd_0141.png
1707,datasetV2,protest_crowd,protest_crowd_0142.png
1708,datasetV2,protest_crowd,protest_crowd_0144.png
1709,datasetV2,protest_crowd,protest_crowd_0147.png
1710,datasetV2,protest_crowd,protest_crowd_0148.png
1711,datasetV2,war_torn_destroyed_buildings,war_torn_destroyed_buildings_0000.png
1712,datasetV2,war_torn_destroyed_buildings,war_torn_destroyed_buildings_0001.png
1713,datasetV2,war_torn_destroyed_buildings,war_torn_destroyed_buildings_0002.png
1714,datasetV2,war_torn_destroyed_buildings,war_torn_destroyed_buildings_0004.png
1715,datasetV2,war_torn_destroyed_buildings,war_torn_destroyed_buildings_0005.png
1716,datasetV2,war_torn_destroyed_buildings,war_torn_destroyed_buildings_0006.png
1717,datasetV2,war_torn_destroyed_buildings,war_torn_destroyed_buildings_0008.png
1718,datasetV2,war_torn_destroyed_buildings,war_torn_destroyed_buildings_0009.png
1719,datasetV2,war_torn_destroyed_buildings,war_torn_destroyed_buildings_0010.png
1720,datasetV2,war_torn_destroyed_buildings,war_torn_destroyed_buildings_0011.png
1721,datasetV2,war_torn_destroyed_buildings,war_torn_destroyed_buildings_0012.png
1722,datasetV2,war_torn_destroyed_buildings,war_torn_destroyed_buildings_0013.png
1723,datasetV2,war_torn_destroyed_buildings,war_torn_destroyed_buildings_0014.png
1724,datasetV2,war_torn_destroyed_buildings,war_torn_destroyed_buildings_0015.png
1725,datasetV2,war_torn_destroyed_buildings,war_torn_destroyed_buildings_0016.png
1726,datasetV2,war_torn_destroyed_buildings,war_torn_destroyed_buildings_0017.png
1727,datasetV2,war_torn_destroyed_buildings,war_torn_destroyed_buildings_0018.png
1728,datasetV2,war_torn_destroyed_buildings,war_torn_destroyed_buildings_0019.png
1729,datasetV2,war_torn_destroyed_buildings,war_torn_destroyed_buildings_0020.png
1730,datasetV2,war_torn_destroyed_buildings,war_torn_destroyed_buildings_0021.png
1731,datasetV2,war_torn_destroyed_buildings,war_torn_destroyed_buildings_0022.png
1732,datasetV2,war_torn_destroyed_buildings,war_torn_destroyed_buildings_0023.png
1733,datasetV2,war_torn_destroyed_buildings,war_torn_destroyed_buildings_0024.png
1734,datasetV2,war_torn_destroyed_buildings,war_torn_destroyed_buildings_0025.png
1735,datasetV2,war_torn_destroyed_buildings,war_torn_destroyed_buildings_0026.png
1736,datasetV2,war_torn_destroyed_buildings,war_torn_destroyed_buildings_0027.png
1737,datasetV2,war_torn_destroyed_buildings,war_torn_destroyed_buildings_0028.png
1738,datasetV2,war_torn_destroyed_buildings,war_torn_destroyed_buildings_0029.png
1739,datasetV2,war_torn_destroyed_buildings,war_torn_destroyed_buildings_0030.png
1740,datasetV2,war_torn_destroyed_buildings,war_torn_destroyed_buildings_0031.png
1741,datasetV2,war_torn_destroyed_buildings,war_torn_destroyed_buildings_0032.png
1742,datasetV2,war_torn_destroyed_buildings,war_torn_destroyed_buildings_0033.png
1743,datasetV2,war_torn_destroyed_buildings,war_torn_destroyed_buildings_0034.png
1744,datasetV2,war_torn_destroyed_buildings,war_torn_destroyed_buildings_0035.png
1745,datasetV2,war_torn_destroyed_buildings,war_torn_destroyed_buildings_0036.png
1746,datasetV2,war_torn_destroyed_buildings,war_torn_destroyed_buildings_0037.png
1747,datasetV2,war_torn_destroyed_buildings,war_torn_destroyed_buildings_0038.png
1748,datasetV2,war_torn_destroyed_buildings,war_torn_destroyed_buildings_0039.png
1749,datasetV2,war_torn_destroyed_buildings,war_torn_destroyed_buildings_0040.png
1750,datasetV2,war_torn_destroyed_buildings,war_torn_destroyed_buildings_0041.png
1751,datasetV2,war_torn_destroyed_buildings,war_torn_destroyed_buildings_0042.png
1752,datasetV2,war_torn_destroyed_buildings,war_torn_destroyed_buildings_0043.png
1753,datasetV2,war_torn_destroyed_buildings,war_torn_destroyed_buildings_0044.png
1754,datasetV2,war_torn_destroyed_buildings,war_torn_destroyed_buildings_0045.png
1755,datasetV2,war_torn_destroyed_buildings,war_torn_destroyed_buildings_0047.png
1756,datasetV2,war_torn_destroyed_buildings,war_torn_destroyed_buildings_0048.png
1757,datasetV2,war_torn_destroyed_buildings,war_torn_destroyed_buildings_0049.png
1758,datasetV2,war_torn_destroyed_buildings,war_torn_destroyed_buildings_0050.png
1759,datasetV2,war_torn_destroyed_buildings,war_torn_destroyed_buildings_0051.png
1760,datasetV2,war_torn_destroyed_buildings,war_torn_destroyed_buildings_0052.png
1761,datasetV2,war_torn_destroyed_buildings,war_torn_destroyed_buildings_0053.png
1762,datasetV2,war_torn_destroyed_buildings,war_torn_destroyed_buildings_0054.png
1763,datasetV2,war_torn_destroyed_buildings,war_torn_destroyed_buildings_0056.png
1764,datasetV2,war_torn_destroyed_buildings,war_torn_destroyed_buildings_0057.png
1765,datasetV2,war_torn_destroyed_buildings,war_torn_destroyed_buildings_0058.png
1766,datasetV2,war_torn_destroyed_buildings,war_torn_destroyed_buildings_0059.png
1767,datasetV2,war_torn_destroyed_buildings,war_torn_destroyed_buildings_0060.png
1768,datasetV2,war_torn_destroyed_buildings,war_torn_destroyed_buildings_0061.png
1769,datasetV2,war_torn_destroyed_buildings,war_torn_destroyed_buildings_0062.png
1770,datasetV2,war_torn_destroyed_buildings,war_torn_destroyed_buildings_0063.png
1771,datasetV2,war_torn_destroyed_buildings,war_torn_destroyed_buildings_0065.png
1772,datasetV2,war_torn_destroyed_buildings,war_torn_destroyed_buildings_0066.png
1773,datasetV2,war_torn_destroyed_buildings,war_torn_destroyed_buildings_0068.png
1774,datasetV2,war_torn_destroyed_buildings,war_torn_destroyed_buildings_0069.png
1775,datasetV2,war_torn_destroyed_buildings,war_torn_destroyed_buildings_0071.png
1776,datasetV2,war_torn_destroyed_buildings,war_torn_destroyed_buildings_0072.png
1777,datasetV2,war_torn_destroyed_buildings,war_torn_destroyed_buildings_0074.png
1778,datasetV2,war_torn_destroyed_buildings,war_torn_destroyed_buildings_0075.png
1779,datasetV2,war_torn_destroyed_buildings,war_torn_destroyed_buildings_0076.png
1780,datasetV2,war_torn_destroyed_buildings,war_torn_destroyed_buildings_0077.png
1781,datasetV2,war_torn_destroyed_buildings,war_torn_destroyed_buildings_0079.png
1782,datasetV2,war_torn_destroyed_buildings,war_torn_destroyed_buildings_0080.png
1783,datasetV2,war_torn_destroyed_buildings,war_torn_destroyed_buildings_0081.png
1784,datasetV2,war_torn_destroyed_buildings,war_torn_destroyed_buildings_0082.png
1785,datasetV2,war_torn_destroyed_buildings,war_torn_destroyed_buildings_0083.png
1786,datasetV2,war_torn_destroyed_buildings,war_torn_destroyed_buildings_0084.png
1787,datasetV2,war_torn_destroyed_buildings,war_torn_destroyed_buildings_0086.png
1788,datasetV2,war_torn_destroyed_buildings,war_torn_destroyed_buildings_0088.png
1789,datasetV2,war_torn_destroyed_buildings,war_torn_destroyed_buildings_0089.png
1790,datasetV2,war_torn_destroyed_buildings,war_torn_destroyed_buildings_0090.png
1791,datasetV2,war_torn_destroyed_buildings,war_torn_destroyed_buildings_0091.png
1792,datasetV2,war_torn_destroyed_buildings,war_torn_destroyed_buildings_0093.png
1793,datasetV2,war_torn_destroyed_buildings,war_torn_destroyed_buildings_0094.png
1794,datasetV2,war_torn_destroyed_buildings,war_torn_destroyed_buildings_0095.png
1795,datasetV2,war_torn_destroyed_buildings,war_torn_destroyed_buildings_0096.png
1796,datasetV2,war_torn_destroyed_buildings,war_torn_destroyed_buildings_0097.png
1797,datasetV2,war_torn_destroyed_buildings,war_torn_destroyed_buildings_0099.png
1798,datasetV2,war_torn_destroyed_buildings,war_torn_destroyed_buildings_0101.png
1799,datasetV2,war_torn_destroyed_buildings,war_torn_destroyed_buildings_0102.png
1800,datasetV2,war_torn_destroyed_buildings,war_torn_destroyed_buildings_0103.png
1801,datasetV2,war_torn_destroyed_buildings,war_torn_destroyed_buildings_0104.png
1802,datasetV2,war_torn_destroyed_buildings,war_torn_destroyed_buildings_0105.png
1803,datasetV2,war_torn_destroyed_buildings,war_torn_destroyed_buildings_0106.png
1804,datasetV2,war_torn_destroyed_buildings,war_torn_destroyed_buildings_0107.png
1805,datasetV2,war_torn_destroyed_buildings,war_torn_destroyed_buildings_0108.png
1806,datasetV2,war_torn_destroyed_buildings,war_torn_destroyed_buildings_0110.png
1807,datasetV2,war_torn_destroyed_buildings,war_torn_destroyed_buildings_0111.png
1808,datasetV2,war_torn_destroyed_buildings,war_torn_destroyed_buildings_0112.png
1809,datasetV2,war_torn_destroyed_buildings,war_torn_destroyed_buildings_0113.png
1810,datasetV2,war_torn_destroyed_buildings,war_torn_destroyed_buildings_0114.png
1811,datasetV2,war_torn_destroyed_buildings,war_torn_destroyed_buildings_0115.png
1812,datasetV2,war_torn_destroyed_buildings,war_torn_destroyed_buildings_0116.png
1813,datasetV2,war_torn_destroyed_buildings,war_torn_destroyed_buildings_0117.png
1814,datasetV2,war_torn_destroyed_buildings,war_torn_destroyed_buildings_0118.png
1815,datasetV2,war_torn_destroyed_buildings,war_torn_destroyed_buildings_0119.png
1816,datasetV2,war_torn_destroyed_buildings,war_torn_destroyed_buildings_0120.png
1817,datasetV2,war_torn_destroyed_buildings,war_torn_destroyed_buildings_0121.png
1818,datasetV2,war_torn_destroyed_buildings,war_torn_destroyed_buildings_0123.png
1819,datasetV2,war_torn_destroyed_buildings,war_torn_destroyed_buildings_0124.png
1820,datasetV2,war_torn_destroyed_buildings,war_torn_destroyed_buildings_0125.png
1821,datasetV2,war_torn_destroyed_buildings,war_torn_destroyed_buildings_0126.png
1822,datasetV2,war_torn_destroyed_buildings,war_torn_destroyed_buildings_0127.png
1823,datasetV2,war_torn_destroyed_buildings,war_torn_destroyed_buildings_0128.png
1824,datasetV2,war_torn_destroyed_buildings,war_torn_destroyed_buildings_0129.png
1825,datasetV2,war_torn_destroyed_buildings,war_torn_destroyed_buildings_0130.png
1826,datasetV2,war_torn_destroyed_buildings,war_torn_destroyed_buildings_0132.png
1827,datasetV2,war_torn_destroyed_buildings,war_torn_destroyed_buildings_0133.png
1828,datasetV2,war_torn_destroyed_buildings,war_torn_destroyed_buildings_0134.png
1829,datasetV2,war_torn_destroyed_buildings,war_torn_destroyed_buildings_0136.png
1830,datasetV2,war_torn_destroyed_buildings,war_torn_destroyed_buildings_0137.png
1831,datasetV2,war_torn_destroyed_buildings,war_torn_destroyed_buildings_0138.png
1832,datasetV2,war_torn_destroyed_buildings,war_torn_destroyed_buildings_0139.png
1833,datasetV2,war_torn_destroyed_buildings,war_torn_destroyed_buildings_0140.png
1834,datasetV2,war_torn_destroyed_buildings,war_torn_destroyed_buildings_0141.png
1835,datasetV2,war_torn_destroyed_buildings,war_torn_destroyed_buildings_0142.png
1836,datasetV2,war_torn_destroyed_buildings,war_torn_destroyed_buildings_0143.png
1837,datasetV2,war_torn_destroyed_buildings,war_torn_destroyed_buildings_0144.png
1838,datasetV2,war_torn_destroyed_buildings,war_torn_destroyed_buildings_0145.png
1839,datasetV2,war_torn_destroyed_buildings,war_torn_destroyed_buildings_0146.png
1840,datasetV2,war_torn_destroyed_buildings,war_torn_destroyed_buildings_0147.png
1841,datasetV2,war_torn_destroyed_buildings,war_torn_destroyed_buildings_0148.png
1842,datasetV2,war_torn_destroyed_buildings,war_torn_destroyed_buildings_0149.png
1843,datasetV2,wildfire,wildfire_0000.png
1844,datasetV2,wildfire,wildfire_0001.png
1845,datasetV2,wildfire,wildfire_0002.png
1846,datasetV2,wildfire,wildfire_0003.png
1847,datasetV2,wildfire,wildfire_0004.png
1848,datasetV2,wildfire,wildfire_0005.png
1849,datasetV2,wildfire,wildfire_0006.png
1850,datasetV2,wildfire,wildfire_0007.png
1851,datasetV2,wildfire,wildfire_0008.png
1852,datasetV2,wildfire,wildfire_0009.png
1853,datasetV2,wildfire,wildfire_0010.png
1854,datasetV2,wildfire,wildfire_0011.png
1855,datasetV2,wildfire,wildfire_0012.png
1856,datasetV2,wildfire,wildfire_0013.png
1857,datasetV2,wildfire,wildfire_0014.png
1858,datasetV2,wildfire,wildfire_0015.png
1859,datasetV2,wildfire,wildfire_0016.png
1860,datasetV2,wildfire,wildfire_0017.png
1861,datasetV2,wildfire,wildfire_0018.png
1862,datasetV2,wildfire,wildfire_0019.png
1863,datasetV2,wildfire,wildfire_0020.png
1864,datasetV2,wildfire,wildfire_0021.png
1865,datasetV2,wildfire,wildfire_0022.png
1866,datasetV2,wildfire,wildfire_0023.png
1867,datasetV2,wildfire,wildfire_0024.png
1868,datasetV2,wildfire,wildfire_0025.png
1869,datasetV2,wildfire,wildfire_0026.png
1870,datasetV2,wildfire,wildfire_0027.png
1871,datasetV2,wildfire,wildfire_0028.png
1872,datasetV2,wildfire,wildfire_0029.png
1873,datasetV2,wildfire,wildfire_0030.png
1874,datasetV2,wildfire,wildfire_0031.png
1875,datasetV2,wildfire,wildfire_0032.png
1876,datasetV2,wildfire,wildfire_0033.png
1877,datasetV2,wildfire,wildfire_0034.png
1878,datasetV2,wildfire,wildfire_0035.png
1879,datasetV2,wildfire,wildfire_0036.png
1880,datasetV2,wildfire,wildfire_0037.png
1881,datasetV2,wildfire,wildfire_0038.png
1882,datasetV2,wildfire,wildfire_0039.png
1883,datasetV2,wildfire,wildfire_0040.png
1884,datasetV2,wildfire,wildfire_0041.png
1885,datasetV2,wildfire,wildfire_0042.png
1886,datasetV2,wildfire,wildfire_0043.png
1887,datasetV2,wildfire,wildfire_0044.png
1888,datasetV2,wildfire,wildfire_0045.png
1889,datasetV2,wildfire,wildfire_0046.png
1890,datasetV2,wildfire,wildfire_0047.png
1891,datasetV2,wildfire,wildfire_0048.png
1892,datasetV2,wildfire,wildfire_0049.png
1893,datasetV2,wildfire,wildfire_0050.png
1894,datasetV2,wildfire,wildfire_0051.png
1895,datasetV2,wildfire,wildfire_0052.png
1896,datasetV2,wildfire,wildfire_0053.png
1897,datasetV2,wildfire,wildfire_0054.png
1898,datasetV2,wildfire,wildfire_0055.png
1899,datasetV2,wildfire,wildfire_0056.png
1900,datasetV2,wildfire,wildfire_0057.png
1901,datasetV2,wildfire,wildfire_0058.png
1902,datasetV2,wildfire,wildfire_0059.png
1903,datasetV2,wildfire,wildfire_0060.png
1904,datasetV2,wildfire,wildfire_0061.png
1905,datasetV2,wildfire,wildfire_0062.png
1906,datasetV2,wildfire,wildfire_0063.png
1907,datasetV2,wildfire,wildfire_0064.png
1908,datasetV2,wildfire,wildfire_0065.png
1909,datasetV2,wildfire,wildfire_0066.png
1910,datasetV2,wildfire,wildfire_0067.png
1911,datasetV2,wildfire,wildfire_0068.png
1912,datasetV2,wildfire,wildfire_0069.png
1913,datasetV2,wildfire,wildfire_0070.png
1914,datasetV2,wildfire,wildfire_0071.png
1915,datasetV2,wildfire,wildfire_0072.png
1916,datasetV2,wildfire,wildfire_0073.png
1917,datasetV2,wildfire,wildfire_0074.png
1918,datasetV2,wildfire,wildfire_0075.png
1919,datasetV2,wildfire,wildfire_0076.png
1920,datasetV2,wildfire,wildfire_0077.png
1921,datasetV2,wildfire,wildfire_0078.png
1922,datasetV2,wildfire,wildfire_0079.png
1923,datasetV2,wildfire,wildfire_0080.png
1924,datasetV2,wildfire,wildfire_0081.png
1925,datasetV2,wildfire,wildfire_0082.png
1926,datasetV2,wildfire,wildfire_0083.png
1927,datasetV2,wildfire,wildfire_0084.png
1928,datasetV2,wildfire,wildfire_0085.png
1929,datasetV2,wildfire,wildfire_0086.png
1930,datasetV2,wildfire,wildfire_0087.png
1931,datasetV2,wildfire,wildfire_0088.png
1932,datasetV2,wildfire,wildfire_0089.png
1933,datasetV2,wildfire,wildfire_0090.png
1934,datasetV2,wildfire,wildfire_0091.png
1935,datasetV2,wildfire,wildfire_0092.png
1936,datasetV2,wildfire,wildfire_0093.png
1937,datasetV2,wildfire,wildfire_0094.png
1938,datasetV2,wildfire,wildfire_0095.png
1939,datasetV2,wildfire,wildfire_0096.png
1940,datasetV2,wildfire,wildfire_0097.png
1941,datasetV2,wildfire,wildfire_0098.png
1942,datasetV2,wildfire,wildfire_0099.png
1943,datasetV2,wildfire,wildfire_0100.png
1944,datasetV2,wildfire,wildfire_0101.png
1945,datasetV2,wildfire,wildfire_0102.png
1946,datasetV2,wildfire,wildfire_0103.png
1947,datasetV2,wildfire,wildfire_0104.png
1948,datasetV2,wildfire,wildfire_0105.png
1949,datasetV2,wildfire,wildfire_0106.png
1950,datasetV2,wildfire,wildfire_0107.png
1951,datasetV2,wildfire,wildfire_0108.png
1952,datasetV2,wildfire,wildfire_0109.png
1953,datasetV2,wildfire,wildfire_0110.png
1954,datasetV2,wildfire,wildfire_0111.png
1955,datasetV2,wildfire,wildfire_0112.png
1956,datasetV2,wildfire,wildfire_0113.png
1957,datasetV2,wildfire,wildfire_0114.png
1958,datasetV2,wildfire,wildfire_0115.png
1959,datasetV2,wildfire,wildfire_0116.png
1960,datasetV2,wildfire,wildfire_0117.png
1961,datasetV2,wildfire,wildfire_0118.png
1962,datasetV2,wildfire,wildfire_0119.png
1963,datasetV2,wildfire,wildfire_0120.png
1964,datasetV2,wildfire,wildfire_0121.png
1965,datasetV2,wildfire,wildfire_0122.png
1966,datasetV2,wildfire,wildfire_0123.png
1967,datasetV2,wildfire,wildfire_0124.png
1968,datasetV2,wildfire,wildfire_0125.png
1969,datasetV2,wildfire,wildfire_0126.png
1970,datasetV2,wildfire,wildfire_0127.png
1971,datasetV2,wildfire,wildfire_0128.png
1972,datasetV2,wildfire,wildfire_0129.png
1973,datasetV2,wildfire,wildfire_0130.png
1974,datasetV2,wildfire,wildfire_0131.png
1975,datasetV2,wildfire,wildfire_0132.png
1976,datasetV2,wildfire,wildfire_0133.png
1977,datasetV2,wildfire,wildfire_0134.png
1978,datasetV2,wildfire,wildfire_0135.png
1979,datasetV2,wildfire,wildfire_0136.png
1980,datasetV2,wildfire,wildfire_0137.png
1981,datasetV2,wildfire,wildfire_0138.png
1982,datasetV2,wildfire,wildfire_0139.png
1983,datasetV2,wildfire,wildfire_0140.png
1984,datasetV2,wildfire,wildfire_0141.png
1985,datasetV2,wildfire,wildfire_0142.png
1986,datasetV2,wildfire,wildfire_0143.png
1987,datasetV2,wildfire,wildfire_0144.png
1988,datasetV2,wildfire,wildfire_0145.png
1989,datasetV2,wildfire,wildfire_0146.png
1990,datasetV2,wildfire,wildfire_0147.png
1991,datasetV2,wildfire,wildfire_0148.png
1992,datasetV2,wildfire,wildfire_0149.png
1993,datasetV3,documents,documents_0000.png
1994,datasetV3,documents,documents_0001.png
1995,datasetV3,documents,documents_0002.png
1996,datasetV3,documents,documents_0004.png
1997,datasetV3,documents,documents_0005.png
1998,datasetV3,documents,documents_0006.png
1999,datasetV3,documents,documents_0008.png
2000,datasetV3,documents,documents_0009.png
2001,datasetV3,documents,documents_0012.png
2002,datasetV3,documents,documents_0013.png
2003,datasetV3,documents,documents_0014.png
2004,datasetV3,documents,documents_0015.png
2005,datasetV3,documents,documents_0018.png
2006,datasetV3,documents,documents_0019.png
2007,datasetV3,documents,documents_0020.png
2008,datasetV3,documents,documents_0021.png
2009,datasetV3,documents,documents_0022.png
2010,datasetV3,documents,documents_0027.png
2011,datasetV3,documents,documents_0031.png
2012,datasetV3,documents,documents_0034.png
2013,datasetV3,documents,documents_0035.png
2014,datasetV3,documents,documents_0036.png
2015,datasetV3,documents,documents_0037.png
2016,datasetV3,documents,documents_0040.png
2017,datasetV3,documents,documents_0041.png
2018,datasetV3,documents,documents_0042.png
2019,datasetV3,documents,documents_0043.png
2020,datasetV3,documents,documents_0044.png
2021,datasetV3,documents,documents_0045.png
2022,datasetV3,documents,documents_0046.png
2023,datasetV3,documents,documents_0047.png
2024,datasetV3,documents,documents_0048.png
2025,datasetV3,documents,documents_0049.png
2026,datasetV3,documents,documents_0051.png
2027,datasetV3,documents,documents_0052.png
2028,datasetV3,documents,documents_0053.png
2029,datasetV3,documents,documents_0054.png
2030,datasetV3,documents,documents_0055.png
2031,datasetV3,documents,documents_0056.png
2032,datasetV3,documents,documents_0057.png
2033,datasetV3,documents,documents_0058.png
2034,datasetV3,documents,documents_0059.png
2035,datasetV3,documents,documents_0061.png
2036,datasetV3,documents,documents_0062.png
2037,datasetV3,documents,documents_0063.png
2038,datasetV3,documents,documents_0064.png
2039,datasetV3,documents,documents_0065.png
2040,datasetV3,documents,documents_0067.png
2041,datasetV3,documents,documents_0068.png
2042,datasetV3,documents,documents_0073.png
2043,datasetV3,documents,documents_0075.png
2044,datasetV3,documents,documents_0076.png
2045,datasetV3,documents,documents_0077.png
2046,datasetV3,documents,documents_0079.png
2047,datasetV3,documents,documents_0080.png
2048,datasetV3,documents,documents_0087.png
2049,datasetV3,documents,documents_0090.png
2050,datasetV3,documents,documents_0092.png
2051,datasetV3,documents,documents_0093.png
2052,datasetV3,documents,documents_0094.png
2053,datasetV3,documents,documents_0095.png
2054,datasetV3,documents,documents_0096.png
2055,datasetV3,documents,documents_0097.png
2056,datasetV3,documents,documents_0099.png
2057,datasetV3,documents,documents_0100.png
2058,datasetV3,documents,documents_0102.png
2059,datasetV3,documents,documents_0103.png
2060,datasetV3,documents,documents_0104.png
2061,datasetV3,documents,documents_0105.png
2062,datasetV3,documents,documents_0106.png
2063,datasetV3,documents,documents_0109.png
2064,datasetV3,documents,documents_0110.png
2065,datasetV3,documents,documents_0111.png
2066,datasetV3,documents,documents_0112.png
2067,datasetV3,documents,documents_0113.png
2068,datasetV3,documents,documents_0115.png
2069,datasetV3,documents,documents_0117.png
2070,datasetV3,documents,documents_0118.png
2071,datasetV3,documents,documents_0119.png
2072,datasetV3,documents,documents_0120.png
2073,datasetV3,documents,documents_0121.png
2074,datasetV3,documents,documents_0122.png
2075,datasetV3,documents,documents_0123.png
2076,datasetV3,documents,documents_0124.png
2077,datasetV3,documents,documents_0126.png
2078,datasetV3,documents,documents_0127.png
2079,datasetV3,documents,documents_0128.png
2080,datasetV3,documents,documents_0129.png
2081,datasetV3,documents,documents_0130.png
2082,datasetV3,documents,documents_0132.png
2083,datasetV3,documents,documents_0135.png
2084,datasetV3,documents,documents_0136.png
2085,datasetV3,documents,documents_0138.png
2086,datasetV3,documents,documents_0139.png
2087,datasetV3,documents,documents_0140.png
2088,datasetV3,documents,documents_0141.png
2089,datasetV3,documents,documents_0143.png
2090,datasetV3,documents,documents_0145.png
2091,datasetV3,documents,documents_0146.png
2092,datasetV3,documents,documents_0147.png
2093,datasetV3,documents,documents_0149.png
2094,datasetV3,fake_news,fake_news_0001.png
2095,datasetV3,fake_news,fake_news_0003.png
2096,datasetV3,fake_news,fake_news_0005.png
2097,datasetV3,fake_news,fake_news_0006.png
2098,datasetV3,fake_news,fake_news_0007.png
2099,datasetV3,fake_news,fake_news_0010.png
2100,datasetV3,fake_news,fake_news_0012.png
2101,datasetV3,fake_news,fake_news_0014.png
2102,datasetV3,fake_news,fake_news_0015.png
2103,datasetV3,fake_news,fake_news_0017.png
2104,datasetV3,fake_news,fake_news_0018.png
2105,datasetV3,fake_news,fake_news_0019.png
2106,datasetV3,fake_news,fake_news_0021.png
2107,datasetV3,fake_news,fake_news_0025.png
2108,datasetV3,fake_news,fake_news_0028.png
2109,datasetV3,fake_news,fake_news_0034.png
2110,datasetV3,fake_news,fake_news_0037.png
2111,datasetV3,fake_news,fake_news_0041.png
2112,datasetV3,fake_news,fake_news_0042.png
2113,datasetV3,fake_news,fake_news_0043.png
2114,datasetV3,fake_news,fake_news_0044.png
2115,datasetV3,fake_news,fake_news_0046.png
2116,datasetV3,fake_news,fake_news_0047.png
2117,datasetV3,fake_news,fake_news_0049.png
2118,datasetV3,fake_news,fake_news_0050.png
2119,datasetV3,fake_news,fake_news_0051.png
2120,datasetV3,fake_news,fake_news_0054.png
2121,datasetV3,fake_news,fake_news_0055.png
2122,datasetV3,fake_news,fake_news_0063.png
2123,datasetV3,fake_news,fake_news_0067.png
2124,datasetV3,fake_news,fake_news_0072.png
2125,datasetV3,fake_news,fake_news_0073.png
2126,datasetV3,fake_news,fake_news_0096.png
2127,datasetV3,fake_news,fake_news_0100.png
2128,datasetV3,fake_news,fake_news_0114.png
2129,datasetV3,fake_news,fake_news_0116.png
2130,datasetV3,fake_news,fake_news_0120.png
2131,datasetV3,fake_news,fake_news_0121.png
2132,datasetV3,fake_news,fake_news_0124.png
2133,datasetV3,fake_news,fake_news_0129.png
2134,datasetV3,fake_news,fake_news_0130.png
2135,datasetV3,fake_news,fake_news_0132.png
2136,datasetV3,fake_news,fake_news_0137.png
2137,datasetV3,fake_news,fake_news_0138.png
2138,datasetV3,fake_news,fake_news_0139.png
2139,datasetV3,fake_news,fake_news_0140.png
2140,datasetV3,fake_news,fake_news_0142.png
2141,datasetV3,fake_news,fake_news_0143.png
2142,datasetV3,fake_news,fake_news_0146.png
2143,datasetV3,flood,flood_0001.png
2144,datasetV3,flood,flood_0002.png
2145,datasetV3,flood,flood_0003.png
2146,datasetV3,flood,flood_0004.png
2147,datasetV3,flood,flood_0005.png
2148,datasetV3,flood,flood_0006.png
2149,datasetV3,flood,flood_0007.png
2150,datasetV3,flood,flood_0008.png
2151,datasetV3,flood,flood_0009.png
2152,datasetV3,flood,flood_0012.png
2153,datasetV3,flood,flood_0013.png
2154,datasetV3,flood,flood_0014.png
2155,datasetV3,flood,flood_0016.png
2156,datasetV3,flood,flood_0017.png
2157,datasetV3,flood,flood_0019.png
2158,datasetV3,flood,flood_0020.png
2159,datasetV3,flood,flood_0021.png
2160,datasetV3,flood,flood_0023.png
2161,datasetV3,flood,flood_0024.png
2162,datasetV3,flood,flood_0025.png
2163,datasetV3,flood,flood_0026.png
2164,datasetV3,flood,flood_0028.png
2165,datasetV3,flood,flood_0029.png
2166,datasetV3,flood,flood_0030.png
2167,datasetV3,flood,flood_0031.png
2168,datasetV3,flood,flood_0032.png
2169,datasetV3,flood,flood_0035.png
2170,datasetV3,flood,flood_0036.png
2171,datasetV3,flood,flood_0037.png
2172,datasetV3,flood,flood_0038.png
2173,datasetV3,flood,flood_0040.png
2174,datasetV3,flood,flood_0041.png
2175,datasetV3,flood,flood_0044.png
2176,datasetV3,flood,flood_0045.png
2177,datasetV3,flood,flood_0047.png
2178,datasetV3,flood,flood_0049.png
2179,datasetV3,flood,flood_0051.png
2180,datasetV3,flood,flood_0052.png
2181,datasetV3,flood,flood_0053.png
2182,datasetV3,flood,flood_0057.png
2183,datasetV3,flood,flood_0058.png
2184,datasetV3,flood,flood_0059.png
2185,datasetV3,flood,flood_0060.png
2186,datasetV3,flood,flood_0061.png
2187,datasetV3,flood,flood_0062.png
2188,datasetV3,flood,flood_0065.png
2189,datasetV3,flood,flood_0066.png
2190,datasetV3,flood,flood_0067.png
2191,datasetV3,flood,flood_0070.png
2192,datasetV3,flood,flood_0071.png
2193,datasetV3,flood,flood_0072.png
2194,datasetV3,flood,flood_0073.png
2195,datasetV3,flood,flood_0076.png
2196,datasetV3,flood,flood_0077.png
2197,datasetV3,flood,flood_0078.png
2198,datasetV3,flood,flood_0079.png
2199,datasetV3,flood,flood_0081.png
2200,datasetV3,flood,flood_0083.png
2201,datasetV3,flood,flood_0084.png
2202,datasetV3,flood,flood_0085.png
2203,datasetV3,flood,flood_0089.png
2204,datasetV3,flood,flood_0090.png
2205,datasetV3,flood,flood_0091.png
2206,datasetV3,flood,flood_0092.png
2207,datasetV3,flood,flood_0093.png
2208,datasetV3,flood,flood_0094.png
2209,datasetV3,flood,flood_0095.png
2210,datasetV3,flood,flood_0097.png
2211,datasetV3,flood,flood_0099.png
2212,datasetV3,flood,flood_0100.png
2213,datasetV3,flood,flood_0101.png
2214,datasetV3,flood,flood_0102.png
2215,datasetV3,flood,flood_0103.png
2216,datasetV3,flood,flood_0104.png
2217,datasetV3,flood,flood_0105.png
2218,datasetV3,flood,flood_0106.png
2219,datasetV3,flood,flood_0107.png
2220,datasetV3,flood,flood_0108.png
2221,datasetV3,flood,flood_0109.png
2222,datasetV3,flood,flood_0112.png
2223,datasetV3,flood,flood_0113.png
2224,datasetV3,flood,flood_0114.png
2225,datasetV3,flood,flood_0118.png
2226,datasetV3,flood,flood_0119.png
2227,datasetV3,flood,flood_0120.png
2228,datasetV3,flood,flood_0122.png
2229,datasetV3,flood,flood_0123.png
2230,datasetV3,flood,flood_0125.png
2231,datasetV3,flood,flood_0126.png
2232,datasetV3,flood,flood_0127.png
2233,datasetV3,flood,flood_0128.png
2234,datasetV3,flood,flood_0130.png
2235,datasetV3,flood,flood_0131.png
2236,datasetV3,flood,flood_0133.png
2237,datasetV3,flood,flood_0134.png
2238,datasetV3,flood,flood_0137.png
2239,datasetV3,flood,flood_0138.png
2240,datasetV3,flood,flood_0139.png
2241,datasetV3,flood,flood_0142.png
2242,datasetV3,flood,flood_0143.png
2243,datasetV3,flood,flood_0146.png
2244,datasetV3,flood,flood_0149.png
2245,datasetV3,memes,memes_0000.png
2246,datasetV3,memes,memes_0002.png
2247,datasetV3,memes,memes_0006.png
2248,datasetV3,memes,memes_0008.png
2249,datasetV3,memes,memes_0009.png
2250,datasetV3,memes,memes_0010.png
2251,datasetV3,memes,memes_0018.png
2252,datasetV3,memes,memes_0021.png
2253,datasetV3,memes,memes_0024.png
2254,datasetV3,memes,memes_0028.png
2255,datasetV3,memes,memes_0032.png
2256,datasetV3,memes,memes_0035.png
2257,datasetV3,memes,memes_0039.png
2258,datasetV3,memes,memes_0041.png
2259,datasetV3,memes,memes_0043.png
2260,datasetV3,memes,memes_0050.png
2261,datasetV3,memes,memes_0055.png
2262,datasetV3,memes,memes_0070.png
2263,datasetV3,memes,memes_0080.png
2264,datasetV3,memes,memes_0081.png
2265,datasetV3,memes,memes_0091.png
2266,datasetV3,memes,memes_0093.png
2267,datasetV3,memes,memes_0095.png
2268,datasetV3,memes,memes_0100.png
2269,datasetV3,memes,memes_0101.png
2270,datasetV3,memes,memes_0105.png
2271,datasetV3,memes,memes_0113.png
2272,datasetV3,memes,memes_0116.png
2273,datasetV3,memes,memes_0122.png
2274,datasetV3,memes,memes_0124.png
2275,datasetV3,memes,memes_0131.png
2276,datasetV3,memes,memes_0133.png
2277,datasetV3,memes,memes_0135.png
2278,datasetV3,memes,memes_0138.png
2279,datasetV3,memes,memes_0145.png
2280,datasetV3,memes,memes_0147.png
2281,datasetV3,memes,memes_0148.png
2282,datasetV3,plane_crash_debris,plane_crash_debris_0001.png
2283,datasetV3,plane_crash_debris,plane_crash_debris_0003.png
2284,datasetV3,plane_crash_debris,plane_crash_debris_0004.png
2285,datasetV3,plane_crash_debris,plane_crash_debris_0005.png
2286,datasetV3,plane_crash_debris,plane_crash_debris_0007.png
2287,datasetV3,plane_crash_debris,plane_crash_debris_0010.png
2288,datasetV3,plane_crash_debris,plane_crash_debris_0011.png
2289,datasetV3,plane_crash_debris,plane_crash_debris_0012.png
2290,datasetV3,plane_crash_debris,plane_crash_debris_0013.png
2291,datasetV3,plane_crash_debris,plane_crash_debris_0015.png
2292,datasetV3,plane_crash_debris,plane_crash_debris_0019.png
2293,datasetV3,plane_crash_debris,plane_crash_debris_0020.png
2294,datasetV3,plane_crash_debris,plane_crash_debris_0023.png
2295,datasetV3,plane_crash_debris,plane_crash_debris_0024.png
2296,datasetV3,plane_crash_debris,plane_crash_debris_0026.png
2297,datasetV3,plane_crash_debris,plane_crash_debris_0027.png
2298,datasetV3,plane_crash_debris,plane_crash_debris_0028.png
2299,datasetV3,plane_crash_debris,plane_crash_debris_0030.png
2300,datasetV3,plane_crash_debris,plane_crash_debris_0031.png
2301,datasetV3,plane_crash_debris,plane_crash_debris_0033.png
2302,datasetV3,plane_crash_debris,plane_crash_debris_0037.png
2303,datasetV3,plane_crash_debris,plane_crash_debris_0040.png
2304,datasetV3,plane_crash_debris,plane_crash_debris_0045.png
2305,datasetV3,plane_crash_debris,plane_crash_debris_0046.png
2306,datasetV3,plane_crash_debris,plane_crash_debris_0048.png
2307,datasetV3,plane_crash_debris,plane_crash_debris_0052.png
2308,datasetV3,plane_crash_debris,plane_crash_debris_0054.png
2309,datasetV3,plane_crash_debris,plane_crash_debris_0055.png
2310,datasetV3,plane_crash_debris,plane_crash_debris_0056.png
2311,datasetV3,plane_crash_debris,plane_crash_debris_0057.png
2312,datasetV3,plane_crash_debris,plane_crash_debris_0060.png
2313,datasetV3,plane_crash_debris,plane_crash_debris_0061.png
2314,datasetV3,plane_crash_debris,plane_crash_debris_0065.png
2315,datasetV3,plane_crash_debris,plane_crash_debris_0066.png
2316,datasetV3,plane_crash_debris,plane_crash_debris_0067.png
2317,datasetV3,plane_crash_debris,plane_crash_debris_0068.png
2318,datasetV3,plane_crash_debris,plane_crash_debris_0070.png
2319,datasetV3,plane_crash_debris,plane_crash_debris_0071.png
2320,datasetV3,plane_crash_debris,plane_crash_debris_0075.png
2321,datasetV3,plane_crash_debris,plane_crash_debris_0076.png
2322,datasetV3,plane_crash_debris,plane_crash_debris_0077.png
2323,datasetV3,plane_crash_debris,plane_crash_debris_0079.png
2324,datasetV3,plane_crash_debris,plane_crash_debris_0080.png
2325,datasetV3,plane_crash_debris,plane_crash_debris_0081.png
2326,datasetV3,plane_crash_debris,plane_crash_debris_0082.png
2327,datasetV3,plane_crash_debris,plane_crash_debris_0084.png
2328,datasetV3,plane_crash_debris,plane_crash_debris_0086.png
2329,datasetV3,plane_crash_debris,plane_crash_debris_0089.png
2330,datasetV3,plane_crash_debris,plane_crash_debris_0090.png
2331,datasetV3,plane_crash_debris,plane_crash_debris_0092.png
2332,datasetV3,plane_crash_debris,plane_crash_debris_0093.png
2333,datasetV3,plane_crash_debris,plane_crash_debris_0094.png
2334,datasetV3,plane_crash_debris,plane_crash_debris_0096.png
2335,datasetV3,plane_crash_debris,plane_crash_debris_0097.png
2336,datasetV3,plane_crash_debris,plane_crash_debris_0098.png
2337,datasetV3,plane_crash_debris,plane_crash_debris_0099.png
2338,datasetV3,plane_crash_debris,plane_crash_debris_0100.png
2339,datasetV3,plane_crash_debris,plane_crash_debris_0104.png
2340,datasetV3,plane_crash_debris,plane_crash_debris_0106.png
2341,datasetV3,plane_crash_debris,plane_crash_debris_0111.png
2342,datasetV3,plane_crash_debris,plane_crash_debris_0112.png
2343,datasetV3,plane_crash_debris,plane_crash_debris_0113.png
2344,datasetV3,plane_crash_debris,plane_crash_debris_0115.png
2345,datasetV3,plane_crash_debris,plane_crash_debris_0116.png
2346,datasetV3,plane_crash_debris,plane_crash_debris_0118.png
2347,datasetV3,plane_crash_debris,plane_crash_debris_0119.png
2348,datasetV3,plane_crash_debris,plane_crash_debris_0120.png
2349,datasetV3,plane_crash_debris,plane_crash_debris_0122.png
2350,datasetV3,plane_crash_debris,plane_crash_debris_0124.png
2351,datasetV3,plane_crash_debris,plane_crash_debris_0125.png
2352,datasetV3,plane_crash_debris,plane_crash_debris_0126.png
2353,datasetV3,plane_crash_debris,plane_crash_debris_0127.png
2354,datasetV3,plane_crash_debris,plane_crash_debris_0129.png
2355,datasetV3,plane_crash_debris,plane_crash_debris_0131.png
2356,datasetV3,plane_crash_debris,plane_crash_debris_0133.png
2357,datasetV3,plane_crash_debris,plane_crash_debris_0135.png
2358,datasetV3,plane_crash_debris,plane_crash_debris_0137.png
2359,datasetV3,plane_crash_debris,plane_crash_debris_0140.png
2360,datasetV3,plane_crash_debris,plane_crash_debris_0141.png
2361,datasetV3,plane_crash_debris,plane_crash_debris_0142.png
2362,datasetV3,plane_crash_debris,plane_crash_debris_0144.png
2363,datasetV3,plane_crash_debris,plane_crash_debris_0145.png
2364,datasetV3,plane_crash_debris,plane_crash_debris_0146.png
2365,datasetV3,plane_crash_debris,plane_crash_debris_0148.png
2366,datasetV3,plane_crash_debris,plane_crash_debris_0149.png
2367,datasetV3,protest_crowd,protest_crowd_0002.png
2368,datasetV3,protest_crowd,protest_crowd_0003.png
2369,datasetV3,protest_crowd,protest_crowd_0005.png
2370,datasetV3,protest_crowd,protest_crowd_0006.png
2371,datasetV3,protest_crowd,protest_crowd_0007.png
2372,datasetV3,protest_crowd,protest_crowd_0010.png
2373,datasetV3,protest_crowd,protest_crowd_0011.png
2374,datasetV3,protest_crowd,protest_crowd_0013.png
2375,datasetV3,protest_crowd,protest_crowd_0014.png
2376,datasetV3,protest_crowd,protest_crowd_0016.png
2377,datasetV3,protest_crowd,protest_crowd_0019.png
2378,datasetV3,protest_crowd,protest_crowd_0020.png
2379,datasetV3,protest_crowd,protest_crowd_0021.png
2380,datasetV3,protest_crowd,protest_crowd_0022.png
2381,datasetV3,protest_crowd,protest_crowd_0026.png
2382,datasetV3,protest_crowd,protest_crowd_0029.png
2383,datasetV3,protest_crowd,protest_crowd_0030.png
2384,datasetV3,protest_crowd,protest_crowd_0031.png
2385,datasetV3,protest_crowd,protest_crowd_0032.png
2386,datasetV3,protest_crowd,protest_crowd_0033.png
2387,datasetV3,protest_crowd,protest_crowd_0034.png
2388,datasetV3,protest_crowd,protest_crowd_0036.png
2389,datasetV3,protest_crowd,protest_crowd_0038.png
2390,datasetV3,protest_crowd,protest_crowd_0039.png
2391,datasetV3,protest_crowd,protest_crowd_0042.png
2392,datasetV3,protest_crowd,protest_crowd_0043.png
2393,datasetV3,protest_crowd,protest_crowd_0047.png
2394,datasetV3,protest_crowd,protest_crowd_0049.png
2395,datasetV3,protest_crowd,protest_crowd_0050.png
2396,datasetV3,protest_crowd,protest_crowd_0051.png
2397,datasetV3,protest_crowd,protest_crowd_0052.png
2398,datasetV3,protest_crowd,protest_crowd_0053.png
2399,datasetV3,protest_crowd,protest_crowd_0055.png
2400,datasetV3,protest_crowd,protest_crowd_0056.png
2401,datasetV3,protest_crowd,protest_crowd_0057.png
2402,datasetV3,protest_crowd,protest_crowd_0058.png
2403,datasetV3,protest_crowd,protest_crowd_0059.png
2404,datasetV3,protest_crowd,protest_crowd_0060.png
2405,datasetV3,protest_crowd,protest_crowd_0061.png
2406,datasetV3,protest_crowd,protest_crowd_0062.png
2407,datasetV3,protest_crowd,protest_crowd_0063.png
2408,datasetV3,protest_crowd,protest_crowd_0065.png
2409,datasetV3,protest_crowd,protest_crowd_0067.png
2410,datasetV3,protest_crowd,protest_crowd_0070.png
2411,datasetV3,protest_crowd,protest_crowd_0071.png
2412,datasetV3,protest_crowd,protest_crowd_0077.png
2413,datasetV3,protest_crowd,protest_crowd_0078.png
2414,datasetV3,protest_crowd,protest_crowd_0079.png
2415,datasetV3,protest_crowd,protest_crowd_0080.png
2416,datasetV3,protest_crowd,protest_crowd_0081.png
2417,datasetV3,protest_crowd,protest_crowd_0082.png
2418,datasetV3,protest_crowd,protest_crowd_0083.png
2419,datasetV3,protest_crowd,protest_crowd_0088.png
2420,datasetV3,protest_crowd,protest_crowd_0090.png
2421,datasetV3,protest_crowd,protest_crowd_0091.png
2422,datasetV3,protest_crowd,protest_crowd_0092.png
2423,datasetV3,protest_crowd,protest_crowd_0095.png
2424,datasetV3,protest_crowd,protest_crowd_0097.png
2425,datasetV3,protest_crowd,protest_crowd_0098.png
2426,datasetV3,protest_crowd,protest_crowd_0099.png
2427,datasetV3,protest_crowd,protest_crowd_0101.png
2428,datasetV3,protest_crowd,protest_crowd_0102.png
2429,datasetV3,protest_crowd,protest_crowd_0103.png
2430,datasetV3,protest_crowd,protest_crowd_0104.png
2431,datasetV3,protest_crowd,protest_crowd_0106.png
2432,datasetV3,protest_crowd,protest_crowd_0107.png
2433,datasetV3,protest_crowd,protest_crowd_0109.png
2434,datasetV3,protest_crowd,protest_crowd_0111.png
2435,datasetV3,protest_crowd,protest_crowd_0112.png
2436,datasetV3,protest_crowd,protest_crowd_0113.png
2437,datasetV3,protest_crowd,protest_crowd_0114.png
2438,datasetV3,protest_crowd,protest_crowd_0116.png
2439,datasetV3,protest_crowd,protest_crowd_0118.png
2440,datasetV3,protest_crowd,protest_crowd_0119.png
2441,datasetV3,protest_crowd,protest_crowd_0120.png
2442,datasetV3,protest_crowd,protest_crowd_0121.png
2443,datasetV3,protest_crowd,protest_crowd_0122.png
2444,datasetV3,protest_crowd,protest_crowd_0123.png
2445,datasetV3,protest_crowd,protest_crowd_0125.png
2446,datasetV3,protest_crowd,protest_crowd_0126.png
2447,datasetV3,protest_crowd,protest_crowd_0127.png
2448,datasetV3,protest_crowd,protest_crowd_0128.png
2449,datasetV3,protest_crowd,protest_crowd_0129.png
2450,datasetV3,protest_crowd,protest_crowd_0130.png
2451,datasetV3,protest_crowd,protest_crowd_0131.png
2452,datasetV3,protest_crowd,protest_crowd_0134.png
2453,datasetV3,protest_crowd,protest_crowd_0135.png
2454,datasetV3,protest_crowd,protest_crowd_0140.png
2455,datasetV3,protest_crowd,protest_crowd_0142.png
2456,datasetV3,protest_crowd,protest_crowd_0149.png
2457,datasetV3,war_torn_destroyed_buildings,war_torn_destroyed_buildings_0000.png
2458,datasetV3,war_torn_destroyed_buildings,war_torn_destroyed_buildings_0001.png
2459,datasetV3,war_torn_destroyed_buildings,war_torn_destroyed_buildings_0004.png
2460,datasetV3,war_torn_destroyed_buildings,war_torn_destroyed_buildings_0005.png
2461,datasetV3,war_torn_destroyed_buildings,war_torn_destroyed_buildings_0007.png
2462,datasetV3,war_torn_destroyed_buildings,war_torn_destroyed_buildings_0008.png
2463,datasetV3,war_torn_destroyed_buildings,war_torn_destroyed_buildings_0009.png
2464,datasetV3,war_torn_destroyed_buildings,war_torn_destroyed_buildings_0010.png
2465,datasetV3,war_torn_destroyed_buildings,war_torn_destroyed_buildings_0011.png
2466,datasetV3,war_torn_destroyed_buildings,war_torn_destroyed_buildings_0012.png
2467,datasetV3,war_torn_destroyed_buildings,war_torn_destroyed_buildings_0013.png
2468,datasetV3,war_torn_destroyed_buildings,war_torn_destroyed_buildings_0014.png
2469,datasetV3,war_torn_destroyed_buildings,war_torn_destroyed_buildings_0015.png
2470,datasetV3,war_torn_destroyed_buildings,war_torn_destroyed_buildings_0016.png
2471,datasetV3,war_torn_destroyed_buildings,war_torn_destroyed_buildings_0017.png
2472,datasetV3,war_torn_destroyed_buildings,war_torn_destroyed_buildings_0018.png
2473,datasetV3,war_torn_destroyed_buildings,war_torn_destroyed_buildings_0019.png
2474,datasetV3,war_torn_destroyed_buildings,war_torn_destroyed_buildings_0020.png
2475,datasetV3,war_torn_destroyed_buildings,war_torn_destroyed_buildings_0021.png
2476,datasetV3,war_torn_destroyed_buildings,war_torn_destroyed_buildings_0022.png
2477,datasetV3,war_torn_destroyed_buildings,war_torn_destroyed_buildings_0023.png
2478,datasetV3,war_torn_destroyed_buildings,war_torn_destroyed_buildings_0024.png
2479,datasetV3,war_torn_destroyed_buildings,war_torn_destroyed_buildings_0025.png
2480,datasetV3,war_torn_destroyed_buildings,war_torn_destroyed_buildings_0026.png
2481,datasetV3,war_torn_destroyed_buildings,war_torn_destroyed_buildings_0027.png
2482,datasetV3,war_torn_destroyed_buildings,war_torn_destroyed_buildings_0028.png
2483,datasetV3,war_torn_destroyed_buildings,war_torn_destroyed_buildings_0029.png
2484,datasetV3,war_torn_destroyed_buildings,war_torn_destroyed_buildings_0030.png
2485,datasetV3,war_torn_destroyed_buildings,war_torn_destroyed_buildings_0031.png
2486,datasetV3,war_torn_destroyed_buildings,war_torn_destroyed_buildings_0032.png
2487,datasetV3,war_torn_destroyed_buildings,war_torn_destroyed_buildings_0033.png
2488,datasetV3,war_torn_destroyed_buildings,war_torn_destroyed_buildings_0034.png
2489,datasetV3,war_torn_destroyed_buildings,war_torn_destroyed_buildings_0035.png
2490,datasetV3,war_torn_destroyed_buildings,war_torn_destroyed_buildings_0036.png
2491,datasetV3,war_torn_destroyed_buildings,war_torn_destroyed_buildings_0037.png
2492,datasetV3,war_torn_destroyed_buildings,war_torn_destroyed_buildings_0038.png
2493,datasetV3,war_torn_destroyed_buildings,war_torn_destroyed_buildings_0039.png
2494,datasetV3,war_torn_destroyed_buildings,war_torn_destroyed_buildings_0040.png
2495,datasetV3,war_torn_destroyed_buildings,war_torn_destroyed_buildings_0041.png
2496,datasetV3,war_torn_destroyed_buildings,war_torn_destroyed_buildings_0042.png
2497,datasetV3,war_torn_destroyed_buildings,war_torn_destroyed_buildings_0043.png
2498,datasetV3,war_torn_destroyed_buildings,war_torn_destroyed_buildings_0044.png
2499,datasetV3,war_torn_destroyed_buildings,war_torn_destroyed_buildings_0045.png
2500,datasetV3,war_torn_destroyed_buildings,war_torn_destroyed_buildings_0046.png
2501,datasetV3,war_torn_destroyed_buildings,war_torn_destroyed_buildings_0047.png
2502,datasetV3,war_torn_destroyed_buildings,war_torn_destroyed_buildings_0048.png
2503,datasetV3,war_torn_destroyed_buildings,war_torn_destroyed_buildings_0049.png
2504,datasetV3,war_torn_destroyed_buildings,war_torn_destroyed_buildings_0050.png
2505,datasetV3,war_torn_destroyed_buildings,war_torn_destroyed_buildings_0051.png
2506,datasetV3,war_torn_destroyed_buildings,war_torn_destroyed_buildings_0052.png
2507,datasetV3,war_torn_destroyed_buildings,war_torn_destroyed_buildings_0053.png
2508,datasetV3,war_torn_destroyed_buildings,war_torn_destroyed_buildings_0054.png
2509,datasetV3,war_torn_destroyed_buildings,war_torn_destroyed_buildings_0056.png
2510,datasetV3,war_torn_destroyed_buildings,war_torn_destroyed_buildings_0058.png
2511,datasetV3,war_torn_destroyed_buildings,war_torn_destroyed_buildings_0061.png
2512,datasetV3,war_torn_destroyed_buildings,war_torn_destroyed_buildings_0062.png
2513,datasetV3,war_torn_destroyed_buildings,war_torn_destroyed_buildings_0063.png
2514,datasetV3,war_torn_destroyed_buildings,war_torn_destroyed_buildings_0064.png
2515,datasetV3,war_torn_destroyed_buildings,war_torn_destroyed_buildings_0065.png
2516,datasetV3,war_torn_destroyed_buildings,war_torn_destroyed_buildings_0066.png
2517,datasetV3,war_torn_destroyed_buildings,war_torn_destroyed_buildings_0067.png
2518,datasetV3,war_torn_destroyed_buildings,war_torn_destroyed_buildings_0068.png
2519,datasetV3,war_torn_destroyed_buildings,war_torn_destroyed_buildings_0069.png
2520,datasetV3,war_torn_destroyed_buildings,war_torn_destroyed_buildings_0070.png
2521,datasetV3,war_torn_destroyed_buildings,war_torn_destroyed_buildings_0071.png
2522,datasetV3,war_torn_destroyed_buildings,war_torn_destroyed_buildings_0072.png
2523,datasetV3,war_torn_destroyed_buildings,war_torn_destroyed_buildings_0073.png
2524,datasetV3,war_torn_destroyed_buildings,war_torn_destroyed_buildings_0074.png
2525,datasetV3,war_torn_destroyed_buildings,war_torn_destroyed_buildings_0075.png
2526,datasetV3,war_torn_destroyed_buildings,war_torn_destroyed_buildings_0076.png
2527,datasetV3,war_torn_destroyed_buildings,war_torn_destroyed_buildings_0077.png
2528,datasetV3,war_torn_destroyed_buildings,war_torn_destroyed_buildings_0078.png
2529,datasetV3,war_torn_destroyed_buildings,war_torn_destroyed_buildings_0079.png
2530,datasetV3,war_torn_destroyed_buildings,war_torn_destroyed_buildings_0081.png
2531,datasetV3,war_torn_destroyed_buildings,war_torn_destroyed_buildings_0082.png
2532,datasetV3,war_torn_destroyed_buildings,war_torn_destroyed_buildings_0083.png
2533,datasetV3,war_torn_destroyed_buildings,war_torn_destroyed_buildings_0084.png
2534,datasetV3,war_torn_destroyed_buildings,war_torn_destroyed_buildings_0086.png
2535,datasetV3,war_torn_destroyed_buildings,war_torn_destroyed_buildings_0087.png
2536,datasetV3,war_torn_destroyed_buildings,war_torn_destroyed_buildings_0088.png
2537,datasetV3,war_torn_destroyed_buildings,war_torn_destroyed_buildings_0089.png
2538,datasetV3,war_torn_destroyed_buildings,war_torn_destroyed_buildings_0090.png
2539,datasetV3,war_torn_destroyed_buildings,war_torn_destroyed_buildings_0091.png
2540,datasetV3,war_torn_destroyed_buildings,war_torn_destroyed_buildings_0092.png
2541,datasetV3,war_torn_destroyed_buildings,war_torn_destroyed_buildings_0094.png
2542,datasetV3,war_torn_destroyed_buildings,war_torn_destroyed_buildings_0095.png
2543,datasetV3,war_torn_destroyed_buildings,war_torn_destroyed_buildings_0097.png
2544,datasetV3,war_torn_destroyed_buildings,war_torn_destroyed_buildings_0098.png
2545,datasetV3,war_torn_destroyed_buildings,war_torn_destroyed_buildings_0099.png
2546,datasetV3,war_torn_destroyed_buildings,war_torn_destroyed_buildings_0100.png
2547,datasetV3,war_torn_destroyed_buildings,war_torn_destroyed_buildings_0101.png
2548,datasetV3,war_torn_destroyed_buildings,war_torn_destroyed_buildings_0102.png
2549,datasetV3,war_torn_destroyed_buildings,war_torn_destroyed_buildings_0104.png
2550,datasetV3,war_torn_destroyed_buildings,war_torn_destroyed_buildings_0105.png
2551,datasetV3,war_torn_destroyed_buildings,war_torn_destroyed_buildings_0106.png
2552,datasetV3,war_torn_destroyed_buildings,war_torn_destroyed_buildings_0107.png
2553,datasetV3,war_torn_destroyed_buildings,war_torn_destroyed_buildings_0108.png
2554,datasetV3,war_torn_destroyed_buildings,war_torn_destroyed_buildings_0109.png
2555,datasetV3,war_torn_destroyed_buildings,war_torn_destroyed_buildings_0110.png
2556,datasetV3,war_torn_destroyed_buildings,war_torn_destroyed_buildings_0111.png
2557,datasetV3,war_torn_destroyed_buildings,war_torn_destroyed_buildings_0113.png
2558,datasetV3,war_torn_destroyed_buildings,war_torn_destroyed_buildings_0114.png
2559,datasetV3,war_torn_destroyed_buildings,war_torn_destroyed_buildings_0115.png
2560,datasetV3,war_torn_destroyed_buildings,war_torn_destroyed_buildings_0116.png
2561,datasetV3,war_torn_destroyed_buildings,war_torn_destroyed_buildings_0117.png
2562,datasetV3,war_torn_destroyed_buildings,war_torn_destroyed_buildings_0118.png
2563,datasetV3,war_torn_destroyed_buildings,war_torn_destroyed_buildings_0119.png
2564,datasetV3,war_torn_destroyed_buildings,war_torn_destroyed_buildings_0120.png
2565,datasetV3,war_torn_destroyed_buildings,war_torn_destroyed_buildings_0121.png
2566,datasetV3,war_torn_destroyed_buildings,war_torn_destroyed_buildings_0123.png
2567,datasetV3,war_torn_destroyed_buildings,war_torn_destroyed_buildings_0124.png
2568,datasetV3,war_torn_destroyed_buildings,war_torn_destroyed_buildings_0125.png
2569,datasetV3,war_torn_destroyed_buildings,war_torn_destroyed_buildings_0126.png
2570,datasetV3,war_torn_destroyed_buildings,war_torn_destroyed_buildings_0127.png
2571,datasetV3,war_torn_destroyed_buildings,war_torn_destroyed_buildings_0128.png
2572,datasetV3,war_torn_destroyed_buildings,war_torn_destroyed_buildings_0129.png
2573,datasetV3,war_torn_destroyed_buildings,war_torn_destroyed_buildings_0130.png
2574,datasetV3,war_torn_destroyed_buildings,war_torn_destroyed_buildings_0131.png
2575,datasetV3,war_torn_destroyed_buildings,war_torn_destroyed_buildings_0132.png
2576,datasetV3,war_torn_destroyed_buildings,war_torn_destroyed_buildings_0133.png
2577,datasetV3,war_torn_destroyed_buildings,war_torn_destroyed_buildings_0134.png
2578,datasetV3,war_torn_destroyed_buildings,war_torn_destroyed_buildings_0135.png
2579,datasetV3,war_torn_destroyed_buildings,war_torn_destroyed_buildings_0136.png
2580,datasetV3,war_torn_destroyed_buildings,war_torn_destroyed_buildings_0137.png
2581,datasetV3,war_torn_destroyed_buildings,war_torn_destroyed_buildings_0138.png
2582,datasetV3,war_torn_destroyed_buildings,war_torn_destroyed_buildings_0139.png
2583,datasetV3,war_torn_destroyed_buildings,war_torn_destroyed_buildings_0140.png
2584,datasetV3,war_torn_destroyed_buildings,war_torn_destroyed_buildings_0142.png
2585,datasetV3,war_torn_destroyed_buildings,war_torn_destroyed_buildings_0143.png
2586,datasetV3,war_torn_destroyed_buildings,war_torn_destroyed_buildings_0144.png
2587,datasetV3,war_torn_destroyed_buildings,war_torn_destroyed_buildings_0145.png
2588,datasetV3,war_torn_destroyed_buildings,war_torn_destroyed_buildings_0146.png
2589,datasetV3,war_torn_destroyed_buildings,war_torn_destroyed_buildings_0147.png
2590,datasetV3,war_torn_destroyed_buildings,war_torn_destroyed_buildings_0148.png
2591,datasetV3,war_torn_destroyed_buildings,war_torn_destroyed_buildings_0149.png
2592,datasetV3,wildfire,wildfire_0001.png
2593,datasetV3,wildfire,wildfire_0002.png
2594,datasetV3,wildfire,wildfire_0003.png
2595,datasetV3,wildfire,wildfire_0006.png
2596,datasetV3,wildfire,wildfire_0007.png
2597,datasetV3,wildfire,wildfire_0008.png
2598,datasetV3,wildfire,wildfire_0009.png
2599,datasetV3,wildfire,wildfire_0010.png
2600,datasetV3,wildfire,wildfire_0013.png
2601,datasetV3,wildfire,wildfire_0016.png
2602,datasetV3,wildfire,wildfire_0017.png
2603,datasetV3,wildfire,wildfire_0018.png
2604,datasetV3,wildfire,wildfire_0019.png
2605,datasetV3,wildfire,wildfire_0020.png
2606,datasetV3,wildfire,wildfire_0022.png
2607,datasetV3,wildfire,wildfire_0023.png
2608,datasetV3,wildfire,wildfire_0025.png
2609,datasetV3,wildfire,wildfire_0026.png
2610,datasetV3,wildfire,wildfire_0029.png
2611,datasetV3,wildfire,wildfire_0031.png
2612,datasetV3,wildfire,wildfire_0033.png
2613,datasetV3,wildfire,wildfire_0034.png
2614,datasetV3,wildfire,wildfire_0036.png
2615,datasetV3,wildfire,wildfire_0037.png
2616,datasetV3,wildfire,wildfire_0038.png
2617,datasetV3,wildfire,wildfire_0039.png
2618,datasetV3,wildfire,wildfire_0040.png
2619,datasetV3,wildfire,wildfire_0041.png
2620,datasetV3,wildfire,wildfire_0043.png
2621,datasetV3,wildfire,wildfire_0044.png
2622,datasetV3,wildfire,wildfire_0046.png
2623,datasetV3,wildfire,wildfire_0047.png
2624,datasetV3,wildfire,wildfire_0052.png
2625,datasetV3,wildfire,wildfire_0053.png
2626,datasetV3,wildfire,wildfire_0054.png
2627,datasetV3,wildfire,wildfire_0055.png
2628,datasetV3,wildfire,wildfire_0056.png
2629,datasetV3,wildfire,wildfire_0058.png
2630,datasetV3,wildfire,wildfire_0059.png
2631,datasetV3,wildfire,wildfire_0060.png
2632,datasetV3,wildfire,wildfire_0061.png
2633,datasetV3,wildfire,wildfire_0063.png
2634,datasetV3,wildfire,wildfire_0064.png
2635,datasetV3,wildfire,wildfire_0065.png
2636,datasetV3,wildfire,wildfire_0066.png
2637,datasetV3,wildfire,wildfire_0068.png
2638,datasetV3,wildfire,wildfire_0070.png
2639,datasetV3,wildfire,wildfire_0071.png
2640,datasetV3,wildfire,wildfire_0073.png
2641,datasetV3,wildfire,wildfire_0074.png
2642,datasetV3,wildfire,wildfire_0077.png
2643,datasetV3,wildfire,wildfire_0078.png
2644,datasetV3,wildfire,wildfire_0080.png
2645,datasetV3,wildfire,wildfire_0081.png
2646,datasetV3,wildfire,wildfire_0085.png
2647,datasetV3,wildfire,wildfire_0086.png
2648,datasetV3,wildfire,wildfire_0088.png
2649,datasetV3,wildfire,wildfire_0089.png
2650,datasetV3,wildfire,wildfire_0091.png
2651,datasetV3,wildfire,wildfire_0092.png
2652,datasetV3,wildfire,wildfire_0098.png
2653,datasetV3,wildfire,wildfire_0100.png
2654,datasetV3,wildfire,wildfire_0102.png
2655,datasetV3,wildfire,wildfire_0103.png
2656,datasetV3,wildfire,wildfire_0104.png
2657,datasetV3,wildfire,wildfire_0105.png
2658,datasetV3,wildfire,wildfire_0109.png
2659,datasetV3,wildfire,wildfire_0110.png
2660,datasetV3,wildfire,wildfire_0112.png
2661,datasetV3,wildfire,wildfire_0113.png
2662,datasetV3,wildfire,wildfire_0115.png
2663,datasetV3,wildfire,wildfire_0116.png
2664,datasetV3,wildfire,wildfire_0117.png
2665,datasetV3,wildfire,wildfire_0118.png
2666,datasetV3,wildfire,wildfire_0119.png
2667,datasetV3,wildfire,wildfire_0120.png
2668,datasetV3,wildfire,wildfire_0123.png
2669,datasetV3,wildfire,wildfire_0124.png
2670,datasetV3,wildfire,wildfire_0125.png
2671,datasetV3,wildfire,wildfire_0126.png
2672,datasetV3,wildfire,wildfire_0129.png
2673,datasetV3,wildfire,wildfire_0130.png
2674,datasetV3,wildfire,wildfire_0131.png
2675,datasetV3,wildfire,wildfire_0132.png
2676,datasetV3,wildfire,wildfire_0133.png
2677,datasetV3,wildfire,wildfire_0134.png
2678,datasetV3,wildfire,wildfire_0135.png
2679,datasetV3,wildfire,wildfire_0137.png
2680,datasetV3,wildfire,wildfire_0138.png
2681,datasetV3,wildfire,wildfire_0139.png
2682,datasetV3,wildfire,wildfire_0140.png
2683,datasetV3,wildfire,wildfire_0142.png
2684,datasetV3,wildfire,wildfire_0143.png
2685,datasetV3,wildfire,wildfire_0144.png
2686,datasetV3,wildfire,wildfire_0145.png
2687,datasetV3,wildfire,wildfire_0146.png
2688,datasetV3,wildfire,wildfire_0147.png
2689,datasetV3,wildfire,wildfire_0148.png
